page,lines
3,"1:134, 2:125, 3:110, 4:127, 5:123, 6:127, 7:132, 8:121, 9:126, 10:121, 11:127, 12:129, 13:128, 14:127"
4,"1:124, 2:132, 3:126, 4:125, 5:116, 6:127, 7:129, 8:131, 9:129, 10:122, 11:125, 12:136, 13:120, 14:134"
5,"1:120, 2:122, 3:124, 4:134, 5:119, 6:113, 7:144, 8:117, 9:126, 10:121, 11:130, 12:132, 13:136, 14:122"
6,"1:136, 2:134, 3:125, 4:128, 5:117, 6:130, 7:124, 8:123, 9:122, 10:120, 11:127, 12:123, 13:117, 14:136"
7,"1:125, 2:127, 3:126, 4:120, 5:128, 6:135, 7:118, 8:130, 9:120, 10:130, 11:114, 12:137, 13:128, 14:122"
8,"1:123, 2:122, 3:132, 4:116, 5:132, 6:127, 7:121, 8:131, 9:127, 10:120, 11:121, 12:138, 13:120, 14:122"
9,"1:118, 2:114, 3:126, 4:123, 5:131, 6:126, 7:118, 8:142, 9:124, 10:133, 11:110, 12:135, 13:143, 14:113"
10,"1:116, 2:131, 3:134, 4:124, 5:118, 6:124, 7:137, 8:123, 9:110, 10:133, 11:124, 12:129, 13:127, 14:124"
11,"1:122, 2:122, 3:122, 4:140, 5:119, 6:122, 7:130, 8:118, 9:121, 10:129, 11:130, 12:123, 13:129, 14:123"
12,"1:123, 2:127, 3:117, 4:128, 5:124, 6:121, 7:135, 8:124, 9:132, 10:114, 11:133, 12:133, 13:111, 14:140"
13,"1:127, 2:131, 3:129, 4:122, 5:120, 6:127, 7:120, 8:134, 9:121, 10:125, 11:122, 12:136, 13:118, 14:131"
14,"1:121, 2:123, 3:126, 4:127, 5:117, 6:143, 7:118, 8:127, 9:130, 10:118, 11:133, 12:126, 13:117, 14:132"
15,"1:121, 2:130, 3:119, 4:125, 5:131, 6:114, 7:135, 8:113, 9:133, 10:128, 11:133, 12:120, 13:124, 14:135"
16,"1:118, 2:130, 3:134, 4:114, 5:134, 6:135, 7:122, 8:134, 9:115, 10:107, 11:135, 12:129, 13:129, 14:121"
17,"1:138, 2:131, 3:118, 4:129, 5:112, 6:133, 7:118, 8:130, 9:117, 10:128, 11:131, 12:117, 13:127, 14:129"
18,"1:111, 2:133, 3:129, 4:123, 5:122, 6:133, 7:126, 8:129, 9:109, 10:139, 11:121, 12:113, 13:144, 14:120"
19,"1:127, 2:124, 3:129, 4:119, 5:134, 6:118, 7:129, 8:126, 9:118, 10:129, 11:135, 12:132, 13:115, 14:138"
20,"1:130, 2:119, 3:124, 4:123, 5:134, 6:120, 7:110, 8:140, 9:120, 10:134, 11:123, 12:120, 13:119, 14:135"
21,"1:125, 2:139, 3:122, 4:117, 5:130, 6:136, 7:124, 8:112, 9:125, 10:124, 11:121, 12:126, 13:117, 14:133"
22,"1:129, 2:117, 3:133, 4:122, 5:128, 6:116, 7:135, 8:123, 9:117, 10:137, 11:126, 12:125, 13:123, 14:131"
23,"1:126, 2:129, 3:131, 4:111, 5:140, 6:120, 7:125, 8:125, 9:129, 10:131, 11:120, 12:130, 13:127, 14:120"
24,"1:132, 2:131, 3:122, 4:115, 5:143, 6:118, 7:125, 8:126, 9:119, 10:130, 11:120, 12:138, 13:121, 14:118"
25,"1:116, 2:136, 3:117, 4:131, 5:124, 6:127, 7:122, 8:128, 9:127, 10:133, 11:127, 12:129, 13:117, 14:138"
26,"1:148, 2:102, 3:128, 4:131, 5:116, 6:119, 7:133, 8:116, 9:127, 10:121, 11:126, 12:130, 13:110, 14:135"
27,"1:130, 2:123, 3:122, 4:125, 5:129, 6:124, 7:124, 8:127, 9:117, 10:140, 11:121, 12:128, 13:125, 14:126"
28,"1:131, 2:119, 3:131, 4:124, 5:127, 6:123, 7:119, 8:129, 9:131, 10:128, 11:122, 12:121, 13:135, 14:115"
29,"1:125, 2:134, 3:126, 4:124, 5:134, 6:124, 7:112, 8:136, 9:122, 10:119, 11:127, 12:125, 13:127, 14:139"
30,"1:130, 2:134, 3:118, 4:132, 5:117, 6:125, 7:122, 8:130, 9:122, 10:134, 11:118, 12:134, 13:117, 14:127"
31,"1:142, 2:124, 3:111, 4:140, 5:119, 6:125, 7:128, 8:117, 9:125, 10:137, 11:114, 12:113, 13:143, 14:110"
32,"1:126, 2:129, 3:128, 4:121, 5:126, 6:116, 7:131, 8:133, 9:114, 10:129, 11:131, 12:123, 13:126, 14:133"
33,"1:127, 2:126, 3:113, 4:139, 5:122, 6:129, 7:114, 8:129, 9:122, 10:141, 11:121, 12:117, 13:130, 14:127"
34,"1:136, 2:117, 3:132, 4:113, 5:131, 6:127, 7:121, 8:125, 9:123, 10:135, 11:121, 12:122, 13:138, 14:115"
35,"1:127, 2:125, 3:124, 4:123, 5:125, 6:128, 7:132, 8:124, 9:127, 10:113, 11:134, 12:120, 13:128, 14:128"
36,"1:134, 2:126, 3:132, 4:117, 5:120, 6:133, 7:112, 8:138, 9:128, 10:107, 11:135, 12:114, 13:137, 14:125"
37,"1:123, 2:127, 3:108, 4:148, 5:118, 6:138, 7:112, 8:135, 9:114, 10:135, 11:105, 12:130, 13:128, 14:135"
38,"1:124, 2:129, 3:118, 4:132, 5:126, 6:111, 7:151, 8:113, 9:126, 10:125, 11:123, 12:123, 13:143, 14:102"
39,"1:106, 2:143, 3:123, 4:123, 5:121, 6:138, 7:125, 8:124, 9:129, 10:133, 11:114, 12:129, 13:137, 14:124"
40,"1:129, 2:128, 3:120, 4:126, 5:126, 6:124, 7:121, 8:120, 9:134, 10:125, 11:122, 12:128, 13:121, 14:113"
41,"1:121, 2:138, 3:112, 4:132, 5:120, 6:121, 7:131, 8:127, 9:116, 10:136, 11:110, 12:141, 13:128, 14:130"
42,"1:137, 2:124, 3:123, 4:124, 5:129, 6:123, 7:127, 8:118, 9:122, 10:132, 11:118, 12:122, 13:132, 14:131"
43,"1:136, 2:121, 3:126, 4:124, 5:120, 6:126, 7:128, 8:124, 9:124, 10:130, 11:130, 12:118, 13:116, 14:136"
44,"1:133, 2:125, 3:133, 4:126, 5:117, 6:125, 7:124, 8:132, 9:120, 10:123, 11:124, 12:129, 13:129, 14:117"
45,"1:122, 2:130, 3:121, 4:125, 5:137, 6:113, 7:122, 8:135, 9:123, 10:133, 11:114, 12:135, 13:125, 14:113"
46,"1:133, 2:121, 3:113, 4:133, 5:127, 6:130, 7:114, 8:140, 9:120, 10:110, 11:146, 12:119, 13:123, 14:130"
47,"1:134, 2:122, 3:123, 4:120, 5:138, 6:125, 7:115, 8:127, 9:130, 10:120, 11:128, 12:121, 13:121, 14:128"
48,"1:135, 2:123, 3:115, 4:126, 5:130, 6:118, 7:131, 8:120, 9:116, 10:135, 11:132, 12:121, 13:120, 14:126"
49,"1:156, 2:137, 3:96, 4:134, 5:127, 6:117, 7:123, 8:123, 9:125, 10:122, 11:113, 12:127, 13:124, 14:127"
50,"1:162, 2:119, 3:123, 4:120, 5:114, 6:135, 7:123, 8:123, 9:123, 10:118, 11:127, 12:118, 13:135, 14:118"
51,"1:129, 2:130, 3:125, 4:126, 5:124, 6:120, 7:133, 8:113, 9:127, 10:123, 11:126, 12:126, 13:126, 14:116"
52,"1:113, 2:136, 3:124, 4:123, 5:130, 6:119, 7:127, 8:132, 9:131, 10:110, 11:136, 12:129, 13:117, 14:129"
53,"1:127, 2:126, 3:131, 4:117, 5:123, 6:131, 7:119, 8:133, 9:133, 10:128, 11:109, 12:121, 13:133, 14:128"
54,"1:135, 2:118, 3:130, 4:120, 5:126, 6:132, 7:119, 8:128, 9:122, 10:117, 11:122, 12:134, 13:117, 14:127"
55,"1:150, 2:124, 3:121, 4:120, 5:122, 6:118, 7:119, 8:138, 9:119, 10:123, 11:130, 12:116, 13:126, 14:119"
56,"1:129, 2:120, 3:124, 4:127, 5:132, 6:119, 7:121, 8:131, 9:125, 10:127, 11:118, 12:131, 13:126, 14:117"
57,"1:127, 2:127, 3:129, 4:117, 5:122, 6:134, 7:121, 8:122, 9:123, 10:122, 11:132, 12:119, 13:119, 14:130"
58,"1:131, 2:136, 3:124, 4:116, 5:121, 6:130, 7:128, 8:120, 9:121, 10:125, 11:120, 12:122, 13:122, 14:126"
59,"1:123, 2:125, 3:124, 4:125, 5:127, 6:125, 7:122, 8:131, 9:121, 10:118, 11:133, 12:125, 13:126, 14:130"
60,"1:137, 2:116, 3:119, 4:139, 5:123, 6:117, 7:130, 8:126, 9:124, 10:120, 11:122, 12:128, 13:123, 14:124"
61,"1:141, 2:117, 3:128, 4:126, 5:122, 6:123, 7:123, 8:128, 9:118, 10:130, 11:121, 12:123, 13:125, 14:122"
62,"1:137, 2:131, 3:119, 4:128, 5:117, 6:131, 7:127, 8:114, 9:124, 10:122, 11:131, 12:125, 13:119, 14:119"
63,"1:137, 2:122, 3:114, 4:128, 5:132, 6:123, 7:124, 8:118, 9:136, 10:120, 11:119, 12:120, 13:130, 14:122"
64,"1:143, 2:119, 3:123, 4:126, 5:121, 6:126, 7:128, 8:123, 9:122, 10:121, 11:119, 12:132, 13:117, 14:121"
65,"1:130, 2:127, 3:117, 4:125, 5:130, 6:121, 7:122, 8:130, 9:116, 10:126, 11:127, 12:124, 13:120, 14:122"
66,"1:134, 2:130, 3:129, 4:121, 5:124, 6:125, 7:122, 8:129, 9:118, 10:132, 11:118, 12:119, 13:125, 14:134"
67,"1:118, 2:122, 3:123, 4:127, 5:130, 6:125, 7:133, 8:120, 9:124, 10:116, 11:132, 12:126, 13:127, 14:120"
68,"1:139, 2:130, 3:119, 4:127, 5:113, 6:137, 7:116, 8:122, 9:122, 10:132, 11:120, 12:126, 13:120, 14:124"
69,"1:131, 2:138, 3:118, 4:117, 5:127, 6:128, 7:121, 8:131, 9:127, 10:114, 11:131, 12:114, 13:135, 14:117"
70,"1:137, 2:128, 3:120, 4:129, 5:130, 6:118, 7:127, 8:125, 9:124, 10:116, 11:127, 12:113, 13:133, 14:133"
71,"1:140, 2:118, 3:124, 4:122, 5:126, 6:120, 7:127, 8:126, 9:125, 10:122, 11:125, 12:126, 13:125, 14:123"
72,"1:128, 2:126, 3:120, 4:127, 5:129, 6:112, 7:128, 8:127, 9:124, 10:130, 11:125, 12:129, 13:122, 14:121"
73,"1:140, 2:119, 3:125, 4:124, 5:128, 6:125, 7:118, 8:124, 9:123, 10:136, 11:116, 12:128, 13:126, 14:117"
74,"1:142, 2:126, 3:122, 4:124, 5:119, 6:124, 7:125, 8:119, 9:126, 10:125, 11:116, 12:135, 13:120, 14:120"
75,"1:131, 2:113, 3:138, 4:127, 5:126, 6:122, 7:118, 8:127, 9:125, 10:118, 11:120, 12:147, 13:114, 14:121"
76,"1:132, 2:122, 3:121, 4:126, 5:115, 6:122, 7:127, 8:127, 9:114, 10:128, 11:129, 12:118, 13:124, 14:117"
77,"1:133, 2:131, 3:113, 4:134, 5:135, 6:118, 7:123, 8:114, 9:127, 10:128, 11:126, 12:119, 13:123, 14:126"
78,"1:124, 2:114, 3:138, 4:125, 5:126, 6:123, 7:123, 8:130, 9:121, 10:116, 11:132, 12:129, 13:122, 14:136"
79,"1:141, 2:121, 3:127, 4:127, 5:128, 6:123, 7:117, 8:126, 9:135, 10:121, 11:123, 12:119, 13:124, 14:116"
80,"1:137, 2:121, 3:118, 4:134, 5:119, 6:124, 7:133, 8:118, 9:127, 10:117, 11:129, 12:124, 13:127, 14:119"
81,"1:135, 2:114, 3:134, 4:127, 5:129, 6:107, 7:144, 8:120, 9:125, 10:123, 11:125, 12:122, 13:125, 14:122"
82,"1:140, 2:127, 3:130, 4:114, 5:126, 6:129, 7:114, 8:125, 9:125, 10:116, 11:132, 12:129, 13:111, 14:131"
83,"1:139, 2:131, 3:117, 4:123, 5:121, 6:127, 7:113, 8:136, 9:124, 10:121, 11:109, 12:137, 13:133, 14:112"
84,"1:129, 2:125, 3:120, 4:131, 5:120, 6:127, 7:132, 8:124, 9:121, 10:119, 11:129, 12:123, 13:124, 14:124"
85,"1:131, 2:139, 3:113, 4:120, 5:118, 6:135, 7:119, 8:124, 9:119, 10:131, 11:130, 12:126, 13:114, 14:127"
86,"1:141, 2:128, 3:128, 4:129, 5:118, 6:122, 7:126, 8:121, 9:127, 10:116, 11:130, 12:122, 13:126, 14:121"
87,"1:135, 2:126, 3:122, 4:124, 5:125, 6:125, 7:123, 8:128, 9:118, 10:129, 11:120, 12:127, 13:124, 14:129"
88,"1:141, 2:122, 3:115, 4:130, 5:121, 6:127, 7:125, 8:120, 9:133, 10:119, 11:125, 12:105, 13:135, 14:121"
89,"1:136, 2:122, 3:124, 4:123, 5:132, 6:113, 7:127, 8:127, 9:121, 10:127, 11:126, 12:121, 13:124, 14:118"
90,"1:124, 2:125, 3:117, 4:131, 5:134, 6:116, 7:137, 8:116, 9:133, 10:111, 11:136, 12:115, 13:124, 14:131"
91,"1:129, 2:139, 3:121, 4:124, 5:124, 6:125, 7:118, 8:125, 9:113, 10:142, 11:106, 12:132, 13:129, 14:133"
92,"1:131, 2:123, 3:125, 4:122, 5:125, 6:123, 7:127, 8:132, 9:118, 10:124, 11:130, 12:124, 13:115, 14:129"
93,"1:138, 2:121, 3:126, 4:122, 5:137, 6:115, 7:122, 8:131, 9:117, 10:127, 11:131, 12:131, 13:106, 14:125"
94,"1:136, 2:134, 3:114, 4:138, 5:112, 6:126, 7:121, 8:131, 9:118, 10:121, 11:127, 12:125, 13:130, 14:115"
95,"1:143, 2:119, 3:122, 4:129, 5:125, 6:126, 7:126, 8:121, 9:115, 10:130, 11:129, 12:125, 13:106, 14:145"
96,"1:128, 2:125, 3:125, 4:125, 5:124, 6:128, 7:128, 8:123, 9:119, 10:120, 11:128, 12:122, 13:130, 14:119"
97,"1:130, 2:125, 3:119, 4:134, 5:120, 6:122, 7:126, 8:125, 9:122, 10:131, 11:123, 12:122, 13:131, 14:127"
98,"1:123, 2:129, 3:121, 4:139, 5:111, 6:133, 7:119, 8:114, 9:128, 10:133, 11:124, 12:122, 13:123, 14:127"
99,"1:130, 2:123, 3:129, 4:123, 5:132, 6:112, 7:133, 8:125, 9:126, 10:126, 11:124, 12:123, 13:121, 14:129"
100,"1:131, 2:132, 3:114, 4:131, 5:129, 6:110, 7:131, 8:120, 9:129, 10:120, 11:119, 12:135, 13:118, 14:114"
101,"1:118, 2:125, 3:123, 4:123, 5:128, 6:122, 7:129, 8:130, 9:125, 10:130, 11:123, 12:123, 13:128, 14:131"
102,"1:126, 2:133, 3:122, 4:128, 5:125, 6:119, 7:125, 8:129, 9:121, 10:127, 11:118, 12:134, 13:117, 14:131"
103,"1:138, 2:121, 3:122, 4:124, 5:118, 6:144, 7:110, 8:132, 9:125, 10:127, 11:122, 12:139, 13:110, 14:124"
104,"1:140, 2:116, 3:117, 4:138, 5:126, 6:120, 7:128, 8:131, 9:110, 10:126, 11:131, 12:116, 13:130, 14:122"
105,"1:131, 2:114, 3:124, 4:122, 5:127, 6:134, 7:122, 8:126, 9:122, 10:129, 11:118, 12:138, 13:125, 14:124"
106,"1:129, 2:133, 3:113, 4:137, 5:120, 6:149, 7:114, 8:127, 9:124, 10:123, 11:119, 12:128, 13:125, 14:119"
107,"1:125, 2:115, 3:147, 4:111, 5:126, 6:124, 7:123, 8:131, 9:120, 10:127, 11:125, 12:125, 13:127, 14:128"
108,"1:120, 2:133, 3:126, 4:129, 5:111, 6:132, 7:124, 8:128, 9:124, 10:128, 11:116, 12:128, 13:114, 14:135"
109,"1:121, 2:128, 3:131, 4:115, 5:132, 6:120, 7:132, 8:129, 9:124, 10:118, 11:130, 12:127, 13:133, 14:116"
110,"1:121, 2:128, 3:123, 4:133, 5:126, 6:130, 7:123, 8:123, 9:126, 10:122, 11:123, 12:122, 13:134, 14:112"
111,"1:121, 2:142, 3:115, 4:141, 5:120, 6:132, 7:117, 8:126, 9:120, 10:126, 11:123, 12:123, 13:126, 14:135"
112,"1:121, 2:130, 3:119, 4:134, 5:123, 6:130, 7:120, 8:130, 9:111, 10:134, 11:131, 12:124, 13:112, 14:129"
113,"1:114, 2:135, 3:114, 4:133, 5:132, 6:122, 7:132, 8:121, 9:117, 10:138, 11:121, 12:125, 13:127, 14:130"
114,"1:120, 2:122, 3:128, 4:130, 5:127, 6:123, 7:130, 8:128, 9:120, 10:127, 11:131, 12:123, 13:119, 14:140"
115,"1:119, 2:132, 3:122, 4:133, 5:120, 6:120, 7:133, 8:121, 9:115, 10:130, 11:139, 12:122, 13:133, 14:112"
116,"1:122, 2:116, 3:133, 4:123, 5:132, 6:121, 7:128, 8:135, 9:116, 10:129, 11:128, 12:122, 13:123, 14:129"
117,"1:120, 2:123, 3:140, 4:122, 5:123, 6:125, 7:121, 8:124, 9:122, 10:136, 11:122, 12:128, 13:120, 14:114"
118,"1:122, 2:127, 3:128, 4:127, 5:128, 6:127, 7:123, 8:130, 9:122, 10:143, 11:113, 12:117, 13:142, 14:116"
119,"1:131, 2:124, 3:136, 4:108, 5:129, 6:116, 7:133, 8:128, 9:122, 10:122, 11:128, 12:125, 13:127, 14:125"
120,"1:111, 2:133, 3:124, 4:123, 5:127, 6:126, 7:118, 8:123, 9:130, 10:124, 11:126, 12:124, 13:127, 14:122"
121,"1:124, 2:123, 3:129, 4:116, 5:132, 6:129, 7:116, 8:138, 9:124, 10:129, 11:128, 12:112, 13:124, 14:126"
122,"1:126, 2:143, 3:117, 4:128, 5:117, 6:122, 7:127, 8:127, 9:122, 10:121, 11:131, 12:119, 13:128, 14:121"
123,"1:116, 2:126, 3:129, 4:126, 5:117, 6:133, 7:116, 8:139, 9:120, 10:139, 11:131, 12:110, 13:129, 14:120"
124,"1:136, 2:128, 3:130, 4:114, 5:132, 6:138, 7:108, 8:126, 9:124, 10:130, 11:122, 12:122, 13:127, 14:120"
125,"1:116, 2:128, 3:133, 4:126, 5:129, 6:127, 7:126, 8:123, 9:116, 10:130, 11:119, 12:141, 13:116, 14:125"
126,"1:136, 2:130, 3:117, 4:119, 5:126, 6:138, 7:114, 8:124, 9:129, 10:128, 11:122, 12:129, 13:116, 14:126"
127,"1:118, 2:123, 3:130, 4:129, 5:128, 6:116, 7:146, 8:112, 9:124, 10:131, 11:125, 12:130, 13:125, 14:123"
128,"1:161, 2:115, 3:110, 4:139, 5:118, 6:131, 7:119, 8:128, 9:122, 10:119, 11:124, 12:125, 13:124, 14:123"
129,"1:118, 2:136, 3:116, 4:118, 5:148, 6:109, 7:127, 8:130, 9:117, 10:119, 11:133, 12:135, 13:116, 14:123"
130,"1:138, 2:126, 3:126, 4:126, 5:124, 6:122, 7:134, 8:120, 9:123, 10:133, 11:114, 12:121, 13:129, 14:129"
131,"1:129, 2:129, 3:119, 4:134, 5:118, 6:121, 7:124, 8:120, 9:136, 10:118, 11:129, 12:119, 13:137, 14:117"
132,"1:137, 2:121, 3:125, 4:126, 5:125, 6:124, 7:126, 8:125, 9:121, 10:124, 11:127, 12:128, 13:118, 14:125"
133,"1:134, 2:128, 3:123, 4:129, 5:116, 6:129, 7:131, 8:124, 9:119, 10:122, 11:129, 12:131, 13:142, 14:100"
134,"1:122, 2:119, 3:127, 4:125, 5:130, 6:122, 7:128, 8:132, 9:113, 10:126, 11:132, 12:127, 13:122, 14:143"
135,"1:122, 2:120, 3:141, 4:112, 5:138, 6:121, 7:124, 8:133, 9:123, 10:129, 11:124, 12:139, 13:118, 14:122"
136,"1:120, 2:131, 3:117, 4:121, 5:144, 6:115, 7:127, 8:122, 9:122, 10:131, 11:133, 12:124, 13:125, 14:135"
137,"1:136, 2:137, 3:120, 4:118, 5:125, 6:124, 7:126, 8:123, 9:123, 10:126, 11:120, 12:127, 13:127, 14:120"
138,"1:127, 2:130, 3:124, 4:115, 5:130, 6:126, 7:126, 8:127, 9:127, 10:120, 11:130, 12:120, 13:132, 14:117"
139,"1:122, 2:117, 3:122, 4:139, 5:111, 6:135, 7:138, 8:120, 9:113, 10:130, 11:133, 12:121, 13:136, 14:117"
140,"1:132, 2:129, 3:103, 4:141, 5:134, 6:114, 7:122, 8:121, 9:129, 10:129, 11:123, 12:127, 13:120, 14:131"
141,"1:139, 2:124, 3:127, 4:126, 5:125, 6:119, 7:129, 8:126, 9:128, 10:123, 11:127, 12:122, 13:116, 14:130"
142,"1:129, 2:125, 3:125, 4:117, 5:120, 6:136, 7:124, 8:128, 9:121, 10:120, 11:131, 12:127, 13:125, 14:122"
143,"1:122, 2:123, 3:137, 4:119, 5:120, 6:121, 7:135, 8:119, 9:127, 10:136, 11:122, 12:130, 13:120, 14:128"
144,"1:130, 2:118, 3:127, 4:125, 5:128, 6:124, 7:126, 8:130, 9:123, 10:123, 11:130, 12:121, 13:124, 14:129"
145,"1:144, 2:120, 3:128, 4:126, 5:121, 6:121, 7:136, 8:117, 9:128, 10:120, 11:117, 12:140, 13:121, 14:123"
146,"1:118, 2:135, 3:123, 4:120, 5:128, 6:129, 7:125, 8:122, 9:122, 10:127, 11:121, 12:126, 13:127, 14:130"
147,"1:128, 2:116, 3:133, 4:126, 5:135, 6:107, 7:126, 8:137, 9:114, 10:131, 11:123, 12:124, 13:137, 14:110"
148,"1:132, 2:121, 3:128, 4:118, 5:125, 6:125, 7:136, 8:119, 9:127, 10:128, 11:122, 12:120, 13:141, 14:112"
149,"1:143, 2:123, 3:120, 4:131, 5:113, 6:136, 7:124, 8:122, 9:123, 10:128, 11:127, 12:140, 13:109, 14:119"
150,"1:125, 2:128, 3:117, 4:139, 5:120, 6:122, 7:123, 8:135, 9:115, 10:121, 11:123, 12:125, 13:124, 14:124"
151,"1:166, 2:119, 3:115, 4:120, 5:118, 6:130, 7:123, 8:121, 9:124, 10:113, 11:132, 12:123, 13:120, 14:129"
152,"1:144, 2:128, 3:122, 4:122, 5:135, 6:112, 7:126, 8:127, 9:118, 10:120, 11:120, 12:137, 13:123, 14:114"
153,"1:121, 2:133, 3:130, 4:117, 5:126, 6:129, 7:115, 8:136, 9:121, 10:117, 11:131, 12:132, 13:134, 14:110"
154,"1:132, 2:128, 3:122, 4:120, 5:126, 6:127, 7:134, 8:112, 9:125, 10:129, 11:126, 12:114, 13:134, 14:110"
155,"1:135, 2:123, 3:127, 4:128, 5:122, 6:118, 7:128, 8:124, 9:123, 10:125, 11:115, 12:133, 13:118, 14:136"
156,"1:131, 2:138, 3:112, 4:130, 5:119, 6:133, 7:122, 8:126, 9:120, 10:124, 11:126, 12:124, 13:128, 14:120"
157,"1:131, 2:119, 3:121, 4:118, 5:141, 6:125, 7:128, 8:121, 9:115, 10:130, 11:120, 12:131, 13:128, 14:121"
158,"1:134, 2:138, 3:126, 4:125, 5:125, 6:119, 7:131, 8:116, 9:129, 10:114, 11:129, 12:113, 13:131, 14:125"
159,"1:138, 2:124, 3:132, 4:109, 5:134, 6:109, 7:136, 8:121, 9:134, 10:114, 11:124, 12:122, 13:122, 14:131"
160,"1:135, 2:116, 3:122, 4:131, 5:129, 6:113, 7:128, 8:135, 9:119, 10:124, 11:127, 12:122, 13:125, 14:121"
161,"1:131, 2:125, 3:120, 4:117, 5:135, 6:118, 7:133, 8:107, 9:134, 10:116, 11:132, 12:125, 13:120, 14:128"
162,"1:136, 2:113, 3:133, 4:115, 5:132, 6:130, 7:126, 8:123, 9:119, 10:127, 11:123, 12:122, 13:126, 14:118"
163,"1:138, 2:122, 3:127, 4:125, 5:124, 6:122, 7:125, 8:126, 9:117, 10:122, 11:134, 12:117, 13:130, 14:121"
164,"1:144, 2:135, 3:116, 4:129, 5:125, 6:120, 7:118, 8:133, 9:117, 10:125, 11:117, 12:131, 13:115, 14:133"
165,"1:127, 2:128, 3:116, 4:133, 5:122, 6:124, 7:132, 8:130, 9:122, 10:111, 11:124, 12:123, 13:134, 14:120"
166,"1:134, 2:122, 3:128, 4:121, 5:123, 6:131, 7:126, 8:116, 9:127, 10:127, 11:123, 12:119, 13:120, 14:117"
167,"1:131, 2:124, 3:128, 4:124, 5:126, 6:135, 7:114, 8:122, 9:132, 10:125, 11:128, 12:108, 13:124, 14:122"
168,"1:128, 2:123, 3:124, 4:119, 5:128, 6:124, 7:124, 8:134, 9:117, 10:124, 11:129, 12:121, 13:124, 14:129"
169,"1:130, 2:129, 3:114, 4:122, 5:126, 6:119, 7:137, 8:122, 9:117, 10:133, 11:122, 12:124, 13:119, 14:126"
170,"1:124, 2:128, 3:130, 4:127, 5:121, 6:130, 7:123, 8:133, 9:115, 10:126, 11:128, 12:126, 13:126, 14:120"
171,"1:143, 2:129, 3:121, 4:117, 5:116, 6:140, 7:120, 8:110, 9:135, 10:123, 11:125, 12:117, 13:128, 14:126"
172,"1:145, 2:119, 3:122, 4:135, 5:118, 6:128, 7:126, 8:110, 9:126, 10:129, 11:125, 12:123, 13:114, 14:117"
173,"1:134, 2:131, 3:125, 4:117, 5:122, 6:122, 7:133, 8:125, 9:117, 10:127, 11:120, 12:118, 13:133, 14:125"
174,"1:135, 2:118, 3:123, 4:122, 5:130, 6:125, 7:126, 8:120, 9:124, 10:120, 11:136, 12:129, 13:114, 14:123"
175,"1:132, 2:132, 3:125, 4:119, 5:120, 6:133, 7:109, 8:135, 9:126, 10:120, 11:119, 12:124, 13:123, 14:124"
176,"1:144, 2:124, 3:120, 4:129, 5:125, 6:125, 7:122, 8:125, 9:123, 10:115, 11:130, 12:127, 13:120, 14:125"
177,"1:165, 2:123, 3:120, 4:112, 5:128, 6:117, 7:129, 8:126, 9:118, 10:124, 11:117, 12:129, 13:123, 14:123"
178,"1:130, 2:123, 3:125, 4:126, 5:125, 6:121, 7:120, 8:126, 9:127, 10:118, 11:128, 12:123, 13:127, 14:119"
179,"1:140, 2:121, 3:132, 4:119, 5:121, 6:128, 7:119, 8:132, 9:124, 10:119, 11:125, 12:121, 13:119, 14:120"
180,"1:124, 2:137, 3:124, 4:122, 5:120, 6:123, 7:131, 8:127, 9:113, 10:119, 11:123, 12:133, 13:115, 14:135"
181,"1:145, 2:110, 3:129, 4:112, 5:134, 6:125, 7:119, 8:129, 9:115, 10:138, 11:109, 12:136, 13:117, 14:130"
182,"1:132, 2:127, 3:132, 4:120, 5:125, 6:124, 7:116, 8:120, 9:133, 10:127, 11:114, 12:131, 13:122, 14:128"
183,"1:156, 2:123, 3:129, 4:112, 5:121, 6:122, 7:127, 8:121, 9:123, 10:123, 11:118, 12:129, 13:121, 14:125"
184,"1:134, 2:130, 3:112, 4:126, 5:129, 6:129, 7:123, 8:124, 9:115, 10:120, 11:131, 12:118, 13:127, 14:126"
185,"1:141, 2:123, 3:124, 4:127, 5:120, 6:127, 7:123, 8:120, 9:121, 10:133, 11:117, 12:124, 13:120, 14:136"
186,"1:138, 2:122, 3:121, 4:121, 5:130, 6:119, 7:123, 8:122, 9:126, 10:124, 11:116, 12:127, 13:124, 14:118"
187,"1:162, 2:125, 3:127, 4:115, 5:135, 6:114, 7:119, 8:128, 9:118, 10:115, 11:135, 12:112, 13:115, 14:133"
188,"1:136, 2:128, 3:117, 4:125, 5:128, 6:117, 7:134, 8:122, 9:128, 10:128, 11:119, 12:125, 13:115, 14:135"
189,"1:134, 2:118, 3:124, 4:126, 5:126, 6:119, 7:128, 8:130, 9:109, 10:131, 11:124, 12:128, 13:119, 14:124"
190,"1:138, 2:112, 3:136, 4:119, 5:132, 6:125, 7:107, 8:140, 9:116, 10:136, 11:125, 12:124, 13:127, 14:102"
191,"1:104, 2:141, 3:130, 4:126, 5:114, 6:137, 7:121, 8:130, 9:117, 10:135, 11:115, 12:136, 13:130, 14:126"
192,"1:125, 2:120, 3:123, 4:132, 5:119, 6:133, 7:115, 8:141, 9:121, 10:132, 11:116, 12:130, 13:123, 14:127"
193,"1:144, 2:116, 3:123, 4:127, 5:123, 6:134, 7:122, 8:117, 9:126, 10:127, 11:121, 12:120, 13:138, 14:110"
194,"1:127, 2:125, 3:135, 4:119, 5:122, 6:117, 7:131, 8:125, 9:126, 10:127, 11:123, 12:136, 13:120, 14:121"
195,"1:119, 2:137, 3:121, 4:124, 5:130, 6:114, 7:136, 8:119, 9:133, 10:127, 11:121, 12:132, 13:124, 14:121"
196,"1:133, 2:131, 3:121, 4:118, 5:127, 6:122, 7:127, 8:105, 9:138, 10:127, 11:131, 12:110, 13:121, 14:132"
197,"1:137, 2:115, 3:110, 4:138, 5:127, 6:127, 7:113, 8:136, 9:121, 10:127, 11:117, 12:124, 13:126, 14:115"
198,"1:149, 2:126, 3:122, 4:117, 5:118, 6:133, 7:130, 8:116, 9:130, 10:117, 11:116, 12:131, 13:125, 14:124"
199,"1:150, 2:115, 3:118, 4:114, 5:119, 6:129, 7:134, 8:113, 9:131, 10:128, 11:119, 12:127, 13:121, 14:117"
200,"1:129, 2:125, 3:126, 4:123, 5:123, 6:117, 7:130, 8:131, 9:110, 10:137, 11:125, 12:124, 13:125, 14:122"
201,"1:127, 2:121, 3:123, 4:131, 5:127, 6:121, 7:124, 8:131, 9:125, 10:130, 11:112, 12:132, 13:117, 14:135"
202,"1:129, 2:127, 3:139, 4:115, 5:125, 6:122, 7:112, 8:132, 9:120, 10:133, 11:114, 12:126, 13:127, 14:135"
203,"1:125, 2:130, 3:120, 4:119, 5:121, 6:140, 7:136, 8:120, 9:118, 10:121, 11:118, 12:132, 13:124, 14:131"
204,"1:129, 2:119, 3:129, 4:112, 5:123, 6:141, 7:122, 8:130, 9:123, 10:131, 11:132, 12:123, 13:117, 14:124"
205,"1:111, 2:123, 3:129, 4:134, 5:128, 6:119, 7:126, 8:129, 9:132, 10:126, 11:131, 12:127, 13:128, 14:127"
206,"1:133, 2:119, 3:124, 4:137, 5:110, 6:129, 7:117, 8:134, 9:125, 10:129, 11:117, 12:141, 13:111, 14:127"
207,"1:132, 2:121, 3:119, 4:120, 5:126, 6:125, 7:118, 8:125, 9:115, 10:129, 11:120, 12:123, 13:123, 14:126"
208,"1:121, 2:125, 3:139, 4:118, 5:128, 6:135, 7:111, 8:127, 9:127, 10:129, 11:129, 12:117, 13:141, 14:124"
209,"1:121, 2:129, 3:125, 4:128, 5:130, 6:118, 7:126, 8:129, 9:122, 10:118, 11:137, 12:125, 13:128, 14:128"
210,"1:126, 2:120, 3:129, 4:131, 5:130, 6:114, 7:117, 8:143, 9:122, 10:129, 11:121, 12:105, 13:142, 14:124"
211,"1:121, 2:127, 3:134, 4:120, 5:123, 6:113, 7:136, 8:122, 9:117, 10:124, 11:123, 12:133, 13:121, 14:129"
212,"1:133, 2:130, 3:125, 4:127, 5:125, 6:127, 7:126, 8:118, 9:122, 10:134, 11:126, 12:126, 13:109, 14:122"
213,"1:142, 2:132, 3:123, 4:115, 5:126, 6:132, 7:111, 8:125, 9:124, 10:129, 11:117, 12:131, 13:121, 14:128"
214,"1:127, 2:128, 3:123, 4:123, 5:133, 6:121, 7:124, 8:120, 9:135, 10:110, 11:131, 12:136, 13:115, 14:125"
215,"1:120, 2:122, 3:123, 4:131, 5:127, 6:130, 7:117, 8:127, 9:123, 10:119, 11:134, 12:125, 13:131, 14:111"
216,"1:123, 2:119, 3:125, 4:136, 5:128, 6:124, 7:102, 8:153, 9:117, 10:125, 11:126, 12:137, 13:124, 14:135"
217,"1:133, 2:114, 3:134, 4:126, 5:118, 6:112, 7:135, 8:143, 9:114, 10:125, 11:132, 12:124, 13:125, 14:118"
218,"1:121, 2:120, 3:127, 4:125, 5:126, 6:123, 7:138, 8:129, 9:115, 10:128, 11:114, 12:130, 13:123, 14:123"
219,"1:128, 2:123, 3:126, 4:123, 5:125, 6:151, 7:110, 8:118, 9:125, 10:125, 11:122, 12:132, 13:123, 14:136"
220,"1:135, 2:120, 3:130, 4:125, 5:115, 6:131, 7:134, 8:108, 9:139, 10:125, 11:121, 12:129, 13:118, 14:126"
221,"1:137, 2:122, 3:126, 4:122, 5:132, 6:116, 7:147, 8:118, 9:120, 10:117, 11:135, 12:125, 13:118, 14:115"
222,"1:116, 2:135, 3:121, 4:133, 5:128, 6:122, 7:125, 8:131, 9:120, 10:124, 11:125, 12:115, 13:138, 14:124"
223,"1:140, 2:124, 3:128, 4:114, 5:132, 6:123, 7:117, 8:134, 9:110, 10:118, 11:140, 12:114, 13:138, 14:120"
224,"1:119, 2:126, 3:137, 4:125, 5:123, 6:123, 7:130, 8:133, 9:110, 10:130, 11:124, 12:130, 13:137, 14:121"
225,"1:143, 2:124, 3:115, 4:132, 5:120, 6:129, 7:126, 8:119, 9:128, 10:125, 11:120, 12:124, 13:125, 14:130"
226,"1:139, 2:120, 3:124, 4:119, 5:138, 6:114, 7:133, 8:119, 9:128, 10:128, 11:120, 12:125, 13:127, 14:119"
227,"1:141, 2:121, 3:120, 4:137, 5:115, 6:139, 7:114, 8:123, 9:123, 10:121, 11:127, 12:129, 13:132, 14:119"
228,"1:132, 2:125, 3:126, 4:122, 5:118, 6:129, 7:129, 8:123, 9:130, 10:121, 11:134, 12:116, 13:125, 14:124"
229,"1:122, 2:122, 3:137, 4:117, 5:132, 6:127, 7:115, 8:134, 9:126, 10:126, 11:120, 12:141, 13:112, 14:127"
230,"1:136, 2:128, 3:126, 4:138, 5:119, 6:109, 7:130, 8:127, 9:122, 10:111, 11:124, 12:138, 13:117, 14:125"
231,"1:111, 2:135, 3:124, 4:118, 5:135, 6:127, 7:126, 8:123, 9:130, 10:121, 11:119, 12:137, 13:130, 14:125"
232,"1:129, 2:125, 3:123, 4:115, 5:123, 6:137, 7:138, 8:114, 9:127, 10:125, 11:122, 12:123, 13:124, 14:136"
233,"1:148, 2:113, 3:131, 4:122, 5:130, 6:127, 7:110, 8:118, 9:139, 10:124, 11:119, 12:127, 13:123, 14:117"
234,"1:136, 2:132, 3:115, 4:125, 5:126, 6:122, 7:124, 8:136, 9:111, 10:136, 11:125, 12:118, 13:121, 14:121"
235,"1:138, 2:132, 3:117, 4:121, 5:129, 6:121, 7:128, 8:120, 9:151, 10:107, 11:112, 12:129, 13:114, 14:125"
236,"1:140, 2:134, 3:119, 4:127, 5:120, 6:127, 7:128, 8:131, 9:123, 10:109, 11:125, 12:134, 13:116, 14:124"
237,"1:146, 2:114, 3:117, 4:116, 5:146, 6:128, 7:106, 8:135, 9:132, 10:117, 11:126, 12:114, 13:135, 14:133"
238,"1:122, 2:128, 3:135, 4:112, 5:129, 6:128, 7:116, 8:131, 9:128, 10:121, 11:138, 12:109, 13:127, 14:132"
239,"1:130, 2:124, 3:112, 4:133, 5:133, 6:117, 7:126, 8:125, 9:125, 10:127, 11:114, 12:134, 13:128, 14:115"
240,"1:113, 2:131, 3:133, 4:121, 5:120, 6:144, 7:115, 8:130, 9:121, 10:127, 11:125, 12:132, 13:131, 14:125"
241,"1:136, 2:114, 3:133, 4:128, 5:121, 6:108, 7:148, 8:123, 9:118, 10:128, 11:127, 12:112, 13:129, 14:123"
242,"1:133, 2:133, 3:117, 4:133, 5:115, 6:137, 7:113, 8:132, 9:126, 10:120, 11:137, 12:119, 13:126, 14:129"
243,"1:119, 2:133, 3:118, 4:128, 5:136, 6:121, 7:130, 8:128, 9:124, 10:121, 11:131, 12:121, 13:126, 14:121"
244,"1:130, 2:123, 3:133, 4:115, 5:126, 6:123, 7:127, 8:129, 9:119, 10:138, 11:122, 12:127, 13:129, 14:123"
245,"1:116, 2:132, 3:132, 4:123, 5:125, 6:125, 7:131, 8:124, 9:119, 10:120, 11:138, 12:119, 13:122, 14:128"
246,"1:122, 2:125, 3:126, 4:120, 5:142, 6:118, 7:113, 8:133, 9:128, 10:129, 11:132, 12:125, 13:122, 14:136"
247,"1:136, 2:135, 3:117, 4:130, 5:114, 6:127, 7:126, 8:137, 9:123, 10:123, 11:122, 12:120, 13:133, 14:123"
248,"1:133, 2:121, 3:130, 4:127, 5:126, 6:120, 7:124, 8:129, 9:112, 10:132, 11:134, 12:117, 13:144, 14:102"
249,"1:161, 2:116, 3:126, 4:127, 5:126, 6:114, 7:126, 8:124, 9:116, 10:134, 11:116, 12:122, 13:125, 14:119"
250,"1:121, 2:123, 3:127, 4:123, 5:124, 6:130, 7:124, 8:131, 9:115, 10:130, 11:124, 12:128, 13:132, 14:110"
251,"1:141, 2:115, 3:125, 4:124, 5:120, 6:126, 7:120, 8:134, 9:111, 10:142, 11:115, 12:132, 13:115, 14:128"
252,"1:130, 2:127, 3:128, 4:123, 5:127, 6:124, 7:132, 8:123, 9:116, 10:124, 11:128, 12:127, 13:119, 14:125"
253,"1:122, 2:137, 3:123, 4:121, 5:122, 6:123, 7:115, 8:147, 9:120, 10:125, 11:124, 12:120, 13:131, 14:118"
254,"1:144, 2:134, 3:125, 4:116, 5:125, 6:128, 7:122, 8:124, 9:125, 10:123, 11:127, 12:131, 13:120, 14:118"
255,"1:126, 2:124, 3:152, 4:118, 5:114, 6:132, 7:121, 8:126, 9:120, 10:125, 11:127, 12:121, 13:132, 14:121"
256,"1:126, 2:128, 3:124, 4:124, 5:126, 6:118, 7:121, 8:139, 9:120, 10:118, 11:131, 12:122, 13:127, 14:118"
257,"1:139, 2:127, 3:117, 4:121, 5:124, 6:135, 7:122, 8:128, 9:115, 10:136, 11:111, 12:121, 13:120, 14:141"
258,"1:119, 2:135, 3:124, 4:130, 5:118, 6:135, 7:124, 8:128, 9:121, 10:130, 11:123, 12:123, 13:132, 14:132"
259,"1:138, 2:118, 3:133, 4:116, 5:122, 6:132, 7:128, 8:116, 9:132, 10:120, 11:129, 12:103, 13:140, 14:124"
260,"1:132, 2:124, 3:127, 4:122, 5:122, 6:131, 7:124, 8:136, 9:107, 10:129, 11:133, 12:116, 13:129, 14:125"
261,"1:127, 2:124, 3:131, 4:120, 5:129, 6:125, 7:126, 8:125, 9:122, 10:127, 11:120, 12:129, 13:129, 14:129"
262,"1:157, 2:116, 3:121, 4:121, 5:124, 6:127, 7:121, 8:123, 9:123, 10:128, 11:129, 12:120, 13:132, 14:116"
263,"1:121, 2:128, 3:117, 4:127, 5:131, 6:127, 7:130, 8:119, 9:124, 10:128, 11:129, 12:119, 13:132, 14:121"
264,"1:130, 2:123, 3:127, 4:116, 5:128, 6:127, 7:123, 8:126, 9:130, 10:119, 11:124, 12:130, 13:121, 14:122"
265,"1:128, 2:121, 3:125, 4:123, 5:129, 6:125, 7:131, 8:118, 9:130, 10:123, 11:133, 12:117, 13:134, 14:114"
266,"1:125, 2:121, 3:131, 4:128, 5:117, 6:130, 7:128, 8:122, 9:129, 10:135, 11:119, 12:132, 13:116, 14:129"
267,"1:120, 2:128, 3:129, 4:118, 5:131, 6:119, 7:153, 8:116, 9:113, 10:128, 11:114, 12:139, 13:113, 14:138"
268,"1:126, 2:143, 3:107, 4:121, 5:128, 6:124, 7:135, 8:113, 9:122, 10:128, 11:129, 12:126, 13:123, 14:112"
269,"1:122, 2:133, 3:123, 4:119, 5:130, 6:127, 7:126, 8:131, 9:120, 10:134, 11:122, 12:129, 13:120, 14:132"
270,"1:129, 2:124, 3:129, 4:123, 5:114, 6:130, 7:115, 8:134, 9:131, 10:125, 11:120, 12:131, 13:115, 14:139"
271,"1:117, 2:131, 3:132, 4:120, 5:134, 6:108, 7:150, 8:109, 9:126, 10:124, 11:133, 12:119, 13:122, 14:137"
272,"1:128, 2:135, 3:119, 4:117, 5:131, 6:127, 7:125, 8:120, 9:124, 10:133, 11:122, 12:127, 13:120, 14:129"
273,"1:132, 2:114, 3:135, 4:132, 5:117, 6:136, 7:111, 8:130, 9:123, 10:122, 11:123, 12:136, 13:125, 14:117"
274,"1:133, 2:129, 3:127, 4:119, 5:126, 6:128, 7:122, 8:120, 9:132, 10:118, 11:135, 12:120, 13:125, 14:128"
275,"1:123, 2:126, 3:125, 4:120, 5:120, 6:133, 7:139, 8:128, 9:113, 10:135, 11:117, 12:131, 13:129, 14:116"
276,"1:127, 2:129, 3:119, 4:130, 5:123, 6:121, 7:129, 8:114, 9:137, 10:121, 11:127, 12:118, 13:117, 14:141"
277,"1:131, 2:125, 3:125, 4:118, 5:131, 6:126, 7:129, 8:126, 9:120, 10:125, 11:118, 12:146, 13:118, 14:120"
278,"1:138, 2:118, 3:121, 4:127, 5:131, 6:120, 7:129, 8:133, 9:123, 10:121, 11:129, 12:123, 13:126, 14:134"
279,"1:142, 2:127, 3:125, 4:115, 5:130, 6:124, 7:130, 8:118, 9:113, 10:141, 11:129, 12:116, 13:127, 14:110"
280,"1:139, 2:121, 3:116, 4:129, 5:135, 6:118, 7:121, 8:122, 9:130, 10:120, 11:122, 12:124, 13:130, 14:116"
281,"1:136, 2:114, 3:126, 4:120, 5:123, 6:136, 7:121, 8:133, 9:126, 10:115, 11:139, 12:123, 13:118, 14:131"
282,"1:151, 2:116, 3:113, 4:128, 5:134, 6:115, 7:130, 8:125, 9:120, 10:134, 11:128, 12:122, 13:121, 14:125"
283,"1:135, 2:125, 3:124, 4:119, 5:129, 6:127, 7:120, 8:126, 9:130, 10:122, 11:124, 12:124, 13:129, 14:131"
284,"1:121, 2:120, 3:122, 4:124, 5:130, 6:126, 7:132, 8:119, 9:117, 10:141, 11:127, 12:126, 13:127, 14:126"
285,"1:126, 2:118, 3:134, 4:116, 5:139, 6:120, 7:131, 8:121, 9:142, 10:112, 11:134, 12:112, 13:134, 14:123"
286,"1:136, 2:129, 3:116, 4:135, 5:117, 6:139, 7:114, 8:128, 9:116, 10:141, 11:121, 12:122, 13:124, 14:126"
287,"1:112, 2:131, 3:128, 4:130, 5:116, 6:136, 7:119, 8:136, 9:128, 10:121, 11:133, 12:125, 13:116, 14:132"
288,"1:122, 2:130, 3:131, 4:121, 5:130, 6:118, 7:121, 8:128, 9:127, 10:125, 11:134, 12:129, 13:115, 14:127"
289,"1:142, 2:133, 3:124, 4:121, 5:128, 6:113, 7:129, 8:130, 9:125, 10:115, 11:123, 12:116, 13:133, 14:126"
290,"1:125, 2:122, 3:125, 4:132, 5:120, 6:123, 7:134, 8:119, 9:125, 10:128, 11:125, 12:123, 13:130, 14:126"
291,"1:115, 2:129, 3:130, 4:132, 5:112, 6:136, 7:115, 8:128, 9:137, 10:114, 11:133, 12:118, 13:130, 14:121"
292,"1:127, 2:125, 3:115, 4:143, 5:119, 6:118, 7:132, 8:137, 9:121, 10:126, 11:121, 12:127, 13:130, 14:122"
293,"1:131, 2:129, 3:126, 4:126, 5:126, 6:120, 7:135, 8:118, 9:123, 10:148, 11:116, 12:117, 13:126, 14:128"
294,"1:123, 2:124, 3:125, 4:128, 5:117, 6:130, 7:117, 8:140, 9:123, 10:128, 11:120, 12:120, 13:120, 14:128"
295,"1:121, 2:132, 3:121, 4:121, 5:124, 6:124, 7:135, 8:127, 9:123, 10:126, 11:124, 12:129, 13:125, 14:127"
296,"1:127, 2:128, 3:126, 4:128, 5:121, 6:136, 7:126, 8:117, 9:117, 10:138, 11:122, 12:129, 13:134, 14:114"
297,"1:134, 2:129, 3:125, 4:112, 5:133, 6:121, 7:124, 8:139, 9:124, 10:128, 11:122, 12:130, 13:128, 14:118"
298,"1:120, 2:131, 3:122, 4:136, 5:124, 6:110, 7:134, 8:132, 9:129, 10:121, 11:124, 12:119, 13:134, 14:111"
299,"1:126, 2:134, 3:128, 4:120, 5:129, 6:116, 7:121, 8:128, 9:122, 10:131, 11:123, 12:127, 13:126, 14:127"
300,"1:126, 2:122, 3:128, 4:119, 5:123, 6:128, 7:125, 8:130, 9:119, 10:137, 11:117, 12:138, 13:122, 14:129"
301,"1:115, 2:122, 3:128, 4:136, 5:116, 6:126, 7:140, 8:117, 9:124, 10:128, 11:125, 12:129, 13:138, 14:122"
302,"1:118, 2:129, 3:120, 4:133, 5:122, 6:130, 7:118, 8:138, 9:115, 10:128, 11:125, 12:118, 13:133, 14:128"
303,"1:132, 2:121, 3:115, 4:137, 5:121, 6:137, 7:127, 8:131, 9:115, 10:125, 11:118, 12:129, 13:126, 14:134"
304,"1:141, 2:133, 3:124, 4:117, 5:117, 6:138, 7:123, 8:117, 9:130, 10:128, 11:116, 12:123, 13:126, 14:124"
305,"1:154, 2:125, 3:130, 4:131, 5:120, 6:115, 7:124, 8:124, 9:119, 10:123, 11:120, 12:127, 13:117, 14:130"
306,"1:129, 2:128, 3:132, 4:123, 5:126, 6:124, 7:126, 8:123, 9:119, 10:126, 11:127, 12:129, 13:126, 14:126"
307,"1:142, 2:130, 3:106, 4:134, 5:128, 6:119, 7:125, 8:133, 9:122, 10:122, 11:119, 12:123, 13:123, 14:134"
308,"1:120, 2:123, 3:136, 4:123, 5:125, 6:124, 7:125, 8:124, 9:135, 10:120, 11:127, 12:126, 13:116, 14:134"
309,"1:121, 2:122, 3:128, 4:127, 5:123, 6:139, 7:127, 8:124, 9:110, 10:129, 11:124, 12:131, 13:130, 14:119"
310,"1:111, 2:128, 3:138, 4:127, 5:122, 6:132, 7:123, 8:132, 9:119, 10:128, 11:135, 12:116, 13:123, 14:123"
311,"1:119, 2:140, 3:119, 4:121, 5:134, 6:129, 7:123, 8:119, 9:126, 10:123, 11:133, 12:118, 13:125, 14:122"
312,"1:123, 2:117, 3:132, 4:123, 5:149, 6:114, 7:112, 8:129, 9:120, 10:129, 11:127, 12:128, 13:124, 14:125"
313,"1:129, 2:118, 3:131, 4:129, 5:122, 6:121, 7:126, 8:131, 9:125, 10:120, 11:132, 12:129, 13:122, 14:125"
314,"1:120, 2:135, 3:123, 4:119, 5:114, 6:144, 7:122, 8:127, 9:115, 10:141, 11:121, 12:119, 13:128, 14:124"
315,"1:131, 2:123, 3:118, 4:126, 5:131, 6:119, 7:136, 8:107, 9:142, 10:126, 11:127, 12:118, 13:129, 14:120"
316,"1:120, 2:134, 3:114, 4:128, 5:142, 6:122, 7:117, 8:132, 9:114, 10:128, 11:130, 12:134, 13:124, 14:120"
317,"1:126, 2:124, 3:134, 4:117, 5:130, 6:124, 7:127, 8:124, 9:126, 10:139, 11:121, 12:117, 13:132, 14:120"
318,"1:126, 2:124, 3:136, 4:121, 5:124, 6:125, 7:117, 8:136, 9:120, 10:133, 11:121, 12:129, 13:123, 14:115"
319,"1:111, 2:143, 3:127, 4:124, 5:121, 6:138, 7:117, 8:124, 9:124, 10:133, 11:129, 12:114, 13:125, 14:124"
320,"1:129, 2:124, 3:125, 4:131, 5:125, 6:127, 7:118, 8:132, 9:115, 10:129, 11:119, 12:132, 13:129, 14:120"
321,"1:132, 2:127, 3:120, 4:133, 5:119, 6:128, 7:131, 8:123, 9:119, 10:121, 11:133, 12:129, 13:111, 14:130"
322,"1:154, 2:125, 3:132, 4:127, 5:119, 6:117, 7:119, 8:132, 9:112, 10:127, 11:134, 12:118, 13:124, 14:111"
323,"1:128, 2:121, 3:128, 4:116, 5:137, 6:117, 7:134, 8:125, 9:122, 10:122, 11:122, 12:133, 13:119, 14:122"
324,"1:121, 2:126, 3:132, 4:128, 5:123, 6:121, 7:126, 8:115, 9:138, 10:122, 11:127, 12:125, 13:130, 14:120"
325,"1:131, 2:123, 3:133, 4:115, 5:131, 6:123, 7:130, 8:122, 9:128, 10:120, 11:124, 12:125, 13:131, 14:121"
326,"1:140, 2:116, 3:133, 4:118, 5:118, 6:131, 7:135, 8:125, 9:121, 10:122, 11:125, 12:136, 13:116, 14:120"
327,"1:140, 2:115, 3:133, 4:130, 5:118, 6:130, 7:129, 8:117, 9:128, 10:130, 11:126, 12:118, 13:126, 14:127"
328,"1:143, 2:110, 3:125, 4:127, 5:120, 6:127, 7:124, 8:136, 9:118, 10:137, 11:103, 12:132, 13:127, 14:134"
329,"1:115, 2:144, 3:124, 4:140, 5:110, 6:129, 7:125, 8:124, 9:120, 10:131, 11:129, 12:125, 13:123, 14:134"
330,"1:123, 2:120, 3:122, 4:141, 5:115, 6:129, 7:124, 8:134, 9:113, 10:127, 11:138, 12:115, 13:121, 14:144"
331,"1:126, 2:126, 3:122, 4:112, 5:122, 6:126, 7:125, 8:116, 9:124, 10:131, 11:115, 12:127, 13:127, 14:123"
332,"1:133, 2:130, 3:126, 4:133, 5:126, 6:125, 7:124, 8:118, 9:131, 10:119, 11:133, 12:117, 13:129, 14:120"
333,"1:122, 2:127, 3:129, 4:127, 5:124, 6:122, 7:126, 8:121, 9:125, 10:119, 11:126, 12:129, 13:131, 14:125"
334,"1:126, 2:124, 3:117, 4:139, 5:112, 6:130, 7:126, 8:129, 9:131, 10:122, 11:127, 12:118, 13:127, 14:135"
335,"1:121, 2:127, 3:124, 4:132, 5:121, 6:135, 7:124, 8:130, 9:123, 10:123, 11:132, 12:114, 13:119, 14:137"
336,"1:121, 2:135, 3:112, 4:123, 5:133, 6:128, 7:116, 8:135, 9:116, 10:136, 11:118, 12:134, 13:113, 14:121"
337,"1:124, 2:132, 3:126, 4:132, 5:108, 6:137, 7:116, 8:130, 9:129, 10:119, 11:124, 12:129, 13:135, 14:113"
338,"1:134, 2:132, 3:118, 4:127, 5:124, 6:127, 7:130, 8:127, 9:112, 10:129, 11:130, 12:114, 13:128, 14:125"
339,"1:135, 2:121, 3:137, 4:113, 5:134, 6:116, 7:126, 8:122, 9:136, 10:122, 11:115, 12:133, 13:135, 14:111"
340,"1:129, 2:128, 3:126, 4:121, 5:123, 6:129, 7:118, 8:139, 9:129, 10:115, 11:121, 12:136, 13:111, 14:134"
341,"1:137, 2:115, 3:113, 4:130, 5:125, 6:122, 7:116, 8:120, 9:145, 10:121, 11:127, 12:117, 13:108, 14:126"
342,"1:130, 2:121, 3:128, 4:131, 5:115, 6:126, 7:128, 8:127, 9:120, 10:132, 11:92, 12:136, 13:141, 14:120"
343,"1:133, 2:129, 3:124, 4:124, 5:125, 6:116, 7:122, 8:123, 9:133, 10:118, 11:134, 12:130, 13:117, 14:121"
344,"1:124, 2:124, 3:126, 4:129, 5:115, 6:130, 7:121, 8:130, 9:130, 10:118, 11:137, 12:117, 13:138, 14:121"
345,"1:138, 2:113, 3:143, 4:123, 5:117, 6:121, 7:124, 8:133, 9:116, 10:125, 11:132, 12:127, 13:124, 14:125"
346,"1:131, 2:121, 3:124, 4:135, 5:122, 6:125, 7:121, 8:126, 9:130, 10:124, 11:132, 12:123, 13:122, 14:126"
347,"1:135, 2:123, 3:130, 4:121, 5:116, 6:131, 7:133, 8:118, 9:125, 10:130, 11:120, 12:143, 13:115, 14:125"
348,"1:132, 2:121, 3:130, 4:119, 5:129, 6:127, 7:128, 8:117, 9:118, 10:132, 11:129, 12:121, 13:121, 14:138"
349,"1:131, 2:116, 3:126, 4:122, 5:127, 6:130, 7:115, 8:122, 9:129, 10:120, 11:119, 12:138, 13:115, 14:120"
350,"1:126, 2:132, 3:119, 4:131, 5:126, 6:112, 7:127, 8:129, 9:113, 10:134, 11:119, 12:122, 13:131, 14:120"
351,"1:137, 2:127, 3:129, 4:119, 5:125, 6:126, 7:130, 8:122, 9:124, 10:120, 11:130, 12:124, 13:129, 14:127"
352,"1:132, 2:122, 3:118, 4:131, 5:120, 6:121, 7:144, 8:123, 9:123, 10:127, 11:121, 12:120, 13:127, 14:130"
353,"1:132, 2:125, 3:129, 4:132, 5:107, 6:126, 7:128, 8:124, 9:127, 10:127, 11:123, 12:126, 13:127, 14:122"
354,"1:134, 2:125, 3:110, 4:135, 5:129, 6:125, 7:121, 8:131, 9:116, 10:131, 11:119, 12:130, 13:135, 14:113"
355,"1:137, 2:116, 3:133, 4:126, 5:113, 6:128, 7:135, 8:124, 9:116, 10:127, 11:123, 12:117, 13:145, 14:112"
356,"1:129, 2:125, 3:123, 4:125, 5:127, 6:130, 7:127, 8:132, 9:121, 10:125, 11:122, 12:124, 13:133, 14:121"
357,"1:131, 2:135, 3:130, 4:109, 5:133, 6:133, 7:115, 8:130, 9:121, 10:127, 11:123, 12:123, 13:125, 14:131"
358,"1:130, 2:111, 3:126, 4:128, 5:124, 6:137, 7:118, 8:136, 9:121, 10:126, 11:109, 12:143, 13:125, 14:108"
359,"1:110, 2:139, 3:111, 4:144, 5:115, 6:133, 7:114, 8:134, 9:123, 10:124, 11:153, 12:115, 13:108, 14:137"
360,"1:130, 2:125, 3:121, 4:134, 5:116, 6:129, 7:130, 8:118, 9:130, 10:116, 11:134, 12:115, 13:137, 14:128"
361,"1:128, 2:115, 3:136, 4:114, 5:136, 6:127, 7:111, 8:144, 9:113, 10:132, 11:130, 12:126, 13:127, 14:123"
362,"1:121, 2:131, 3:131, 4:125, 5:114, 6:143, 7:126, 8:121, 9:123, 10:124, 11:128, 12:129, 13:131, 14:116"
363,"1:122, 2:130, 3:118, 4:125, 5:131, 6:118, 7:125, 8:130, 9:123, 10:137, 11:118, 12:127, 13:116, 14:134"
364,"1:125, 2:133, 3:109, 4:128, 5:139, 6:118, 7:122, 8:128, 9:119, 10:137, 11:126, 12:125, 13:118, 14:119"
365,"1:123, 2:127, 3:123, 4:124, 5:136, 6:118, 7:133, 8:124, 9:105, 10:142, 11:133, 12:122, 13:126, 14:117"
366,"1:121, 2:127, 3:126, 4:117, 5:131, 6:120, 7:129, 8:123, 9:122, 10:128, 11:120, 12:123, 13:128, 14:119"
367,"1:122, 2:142, 3:127, 4:125, 5:122, 6:126, 7:122, 8:127, 9:125, 10:125, 11:119, 12:129, 13:123, 14:128"
368,"1:122, 2:118, 3:122, 4:137, 5:121, 6:124, 7:135, 8:113, 9:132, 10:123, 11:124, 12:132, 13:121, 14:128"
369,"1:122, 2:127, 3:128, 4:126, 5:116, 6:126, 7:122, 8:133, 9:128, 10:132, 11:118, 12:127, 13:131, 14:124"
370,"1:122, 2:133, 3:125, 4:129, 5:121, 6:139, 7:114, 8:124, 9:135, 10:113, 11:141, 12:120, 13:128, 14:123"
371,"1:127, 2:132, 3:127, 4:125, 5:129, 6:117, 7:132, 8:131, 9:119, 10:117, 11:137, 12:127, 13:129, 14:128"
372,"1:140, 2:125, 3:132, 4:128, 5:115, 6:137, 7:125, 8:122, 9:128, 10:129, 11:121, 12:113, 13:128, 14:129"
373,"1:120, 2:129, 3:124, 4:133, 5:118, 6:119, 7:134, 8:116, 9:129, 10:123, 11:120, 12:131, 13:123, 14:130"
374,"1:133, 2:124, 3:125, 4:120, 5:136, 6:118, 7:127, 8:126, 9:137, 10:116, 11:135, 12:126, 13:131, 14:120"
375,"1:123, 2:122, 3:124, 4:135, 5:119, 6:117, 7:147, 8:113, 9:134, 10:118, 11:129, 12:123, 13:134, 14:113"
376,"1:131, 2:117, 3:132, 4:124, 5:115, 6:122, 7:127, 8:124, 9:128, 10:124, 11:120, 12:130, 13:109, 14:135"
377,"1:121, 2:141, 3:126, 4:127, 5:125, 6:123, 7:121, 8:137, 9:115, 10:117, 11:114, 12:139, 13:140, 14:108"
378,"1:123, 2:123, 3:132, 4:119, 5:130, 6:125, 7:123, 8:130, 9:123, 10:124, 11:133, 12:119, 13:129, 14:130"
379,"1:127, 2:124, 3:128, 4:131, 5:111, 6:128, 7:129, 8:130, 9:125, 10:118, 11:123, 12:118, 13:135, 14:116"
380,"1:122, 2:122, 3:129, 4:128, 5:118, 6:127, 7:125, 8:134, 9:122, 10:122, 11:127, 12:129, 13:123, 14:131"
381,"1:124, 2:123, 3:117, 4:124, 5:135, 6:117, 7:127, 8:125, 9:130, 10:124, 11:128, 12:116, 13:129, 14:128"
382,"1:121, 2:132, 3:124, 4:128, 5:109, 6:141, 7:119, 8:132, 9:113, 10:133, 11:132, 12:129, 13:123, 14:127"
383,"1:133, 2:131, 3:114, 4:126, 5:123, 6:129, 7:124, 8:128, 9:133, 10:117, 11:132, 12:123, 13:127, 14:126"
384,"1:130, 2:112, 3:139, 4:106, 5:124, 6:140, 7:120, 8:115, 9:133, 10:130, 11:105, 12:138, 13:118, 14:135"
385,"1:118, 2:129, 3:123, 4:129, 5:129, 6:118, 7:124, 8:156, 9:113, 10:111, 11:124, 12:122, 13:127, 14:130"
386,"1:120, 2:135, 3:114, 4:122, 5:118, 6:138, 7:125, 8:118, 9:130, 10:129, 11:138, 12:122, 13:121, 14:122"
387,"1:127, 2:124, 3:129, 4:116, 5:144, 6:107, 7:130, 8:131, 9:121, 10:123, 11:128, 12:127, 13:119, 14:132"
388,"1:116, 2:126, 3:129, 4:119, 5:136, 6:128, 7:121, 8:113, 9:133, 10:138, 11:125, 12:126, 13:137, 14:117"
389,"1:120, 2:132, 3:130, 4:125, 5:114, 6:128, 7:125, 8:136, 9:136, 10:114, 11:133, 12:123, 13:123, 14:119"
390,"1:125, 2:120, 3:135, 4:121, 5:121, 6:130, 7:121, 8:139, 9:123, 10:125, 11:128, 12:117, 13:132, 14:111"
391,"1:117, 2:135, 3:129, 4:114, 5:126, 6:135, 7:125, 8:130, 9:119, 10:118, 11:133, 12:129, 13:123, 14:126"
392,"1:135, 2:124, 3:121, 4:127, 5:130, 6:132, 7:116, 8:122, 9:134, 10:119, 11:133, 12:124, 13:122, 14:126"
393,"1:122, 2:112, 3:143, 4:125, 5:125, 6:129, 7:114, 8:140, 9:125, 10:128, 11:112, 12:134, 13:125, 14:128"
394,"1:120, 2:123, 3:130, 4:131, 5:110, 6:131, 7:136, 8:117, 9:134, 10:113, 11:123, 12:131, 13:134, 14:115"
395,"1:127, 2:127, 3:135, 4:118, 5:127, 6:134, 7:117, 8:114, 9:145, 10:116, 11:120, 12:139, 13:119, 14:120"
396,"1:117, 2:136, 3:119, 4:125, 5:132, 6:127, 7:113, 8:149, 9:118, 10:117, 11:138, 12:120, 13:130, 14:127"
397,"1:126, 2:127, 3:125, 4:122, 5:120, 6:125, 7:129, 8:127, 9:120, 10:126, 11:139, 12:120, 13:131, 14:118"
398,"1:103, 2:133, 3:127, 4:118, 5:135, 6:122, 7:138, 8:131, 9:118, 10:108, 11:153, 12:112, 13:136, 14:127"
399,"1:117, 2:132, 3:127, 4:127, 5:129, 6:121, 7:119, 8:132, 9:121, 10:138, 11:120, 12:133, 13:122, 14:123"
400,"1:117, 2:125, 3:122, 4:128, 5:134, 6:113, 7:135, 8:125, 9:126, 10:129, 11:130, 12:123, 13:128, 14:127"
401,"1:126, 2:124, 3:129, 4:116, 5:117, 6:136, 7:130, 8:124, 9:139, 10:121, 11:125, 12:137, 13:109, 14:121"
402,"1:125, 2:125, 3:131, 4:124, 5:115, 6:136, 7:123, 8:124, 9:124, 10:121, 11:131, 12:130, 13:117, 14:121"
403,"1:123, 2:136, 3:122, 4:126, 5:119, 6:141, 7:120, 8:121, 9:136, 10:129, 11:106, 12:133, 13:127, 14:122"
404,"1:125, 2:121, 3:127, 4:121, 5:131, 6:128, 7:119, 8:123, 9:126, 10:153, 11:115, 12:132, 13:132, 14:114"
405,"1:120, 2:139, 3:128, 4:115, 5:135, 6:125, 7:127, 8:124, 9:128, 10:120, 11:140, 12:122, 13:122, 14:124"
406,"1:124, 2:124, 3:130, 4:131, 5:124, 6:134, 7:113, 8:130, 9:122, 10:132, 11:126, 12:133, 13:124, 14:118"
407,"1:124, 2:120, 3:129, 4:115, 5:141, 6:122, 7:134, 8:125, 9:120, 10:119, 11:121, 12:129, 13:133, 14:122"
408,"1:128, 2:132, 3:122, 4:121, 5:126, 6:131, 7:114, 8:119, 9:138, 10:119, 11:130, 12:131, 13:121, 14:126"
409,"1:115, 2:146, 3:124, 4:122, 5:118, 6:140, 7:119, 8:133, 9:110, 10:143, 11:117, 12:123, 13:131, 14:124"
410,"1:121, 2:142, 3:123, 4:126, 5:112, 6:127, 7:133, 8:130, 9:123, 10:135, 11:120, 12:133, 13:115, 14:127"
411,"1:153, 2:116, 3:131, 4:128, 5:120, 6:118, 7:126, 8:119, 9:121, 10:128, 11:122, 12:118, 13:130, 14:124"
412,"1:126, 2:124, 3:121, 4:124, 5:119, 6:135, 7:126, 8:138, 9:113, 10:132, 11:124, 12:120, 13:139, 14:115"
413,"1:131, 2:123, 3:128, 4:126, 5:125, 6:117, 7:126, 8:127, 9:132, 10:127, 11:114, 12:122, 13:134, 14:125"
414,"1:124, 2:131, 3:118, 4:125, 5:120, 6:131, 7:120, 8:125, 9:132, 10:126, 11:124, 12:112, 13:132, 14:114"
415,"1:121, 2:122, 3:124, 4:124, 5:123, 6:138, 7:129, 8:116, 9:133, 10:115, 11:133, 12:127, 13:120, 14:132"
416,"1:129, 2:109, 3:129, 4:124, 5:134, 6:118, 7:126, 8:141, 9:115, 10:134, 11:104, 12:141, 13:120, 14:130"
417,"1:131, 2:117, 3:123, 4:122, 5:126, 6:121, 7:135, 8:127, 9:118, 10:126, 11:125, 12:122, 13:125, 14:121"
418,"1:124, 2:125, 3:129, 4:116, 5:139, 6:120, 7:127, 8:130, 9:130, 10:126, 11:113, 12:126, 13:132, 14:132"
419,"1:134, 2:125, 3:117, 4:126, 5:134, 6:121, 7:126, 8:132, 9:128, 10:116, 11:129, 12:133, 13:132, 14:120"
420,"1:120, 2:133, 3:122, 4:126, 5:143, 6:124, 7:111, 8:123, 9:115, 10:109, 11:143, 12:144, 13:123, 14:110"
421,"1:132, 2:120, 3:126, 4:127, 5:130, 6:128, 7:128, 8:124, 9:125, 10:120, 11:131, 12:124, 13:125, 14:131"
422,"1:126, 2:129, 3:126, 4:116, 5:140, 6:109, 7:139, 8:122, 9:116, 10:124, 11:125, 12:128, 13:125, 14:124"
423,"1:131, 2:127, 3:118, 4:123, 5:117, 6:140, 7:139, 8:117, 9:107, 10:121, 11:141, 12:125, 13:127, 14:129"
424,"1:142, 2:125, 3:129, 4:127, 5:116, 6:118, 7:129, 8:126, 9:118, 10:128, 11:123, 12:134, 13:103, 14:141"
425,"1:127, 2:119, 3:118, 4:131, 5:134, 6:120, 7:136, 8:137, 9:109, 10:128, 11:134, 12:127, 13:124, 14:113"
426,"1:127, 2:121, 3:124, 4:145, 5:108, 6:133, 7:123, 8:126, 9:129, 10:126, 11:126, 12:133, 13:129, 14:114"
427,"1:130, 2:127, 3:133, 4:119, 5:122, 6:133, 7:124, 8:124, 9:134, 10:127, 11:118, 12:122, 13:130, 14:131"
428,"1:155, 2:116, 3:113, 4:140, 5:113, 6:123, 7:127, 8:122, 9:137, 10:115, 11:127, 12:131, 13:114, 14:131"
429,"1:147, 2:132, 3:136, 4:126, 5:117, 6:116, 7:118, 8:122, 9:125, 10:124, 11:129, 12:126, 13:125, 14:113"
430,"1:151, 2:122, 3:130, 4:121, 5:117, 6:130, 7:115, 8:123, 9:132, 10:128, 11:123, 12:120, 13:125, 14:115"
431,"1:138, 2:123, 3:121, 4:130, 5:111, 6:138, 7:110, 8:132, 9:119, 10:130, 11:121, 12:124, 13:123, 14:132"
432,"1:121, 2:132, 3:124, 4:124, 5:116, 6:135, 7:132, 8:122, 9:127, 10:128, 11:125, 12:128, 13:124, 14:123"
433,"1:138, 2:125, 3:115, 4:117, 5:138, 6:119, 7:112, 8:132, 9:141, 10:122, 11:119, 12:114, 13:130, 14:135"
434,"1:120, 2:122, 3:137, 4:123, 5:134, 6:125, 7:121, 8:150, 9:114, 10:110, 11:131, 12:130, 13:123, 14:119"
435,"1:138, 2:116, 3:129, 4:131, 5:121, 6:115, 7:120, 8:134, 9:128, 10:122, 11:129, 12:125, 13:126, 14:119"
436,"1:120, 2:133, 3:118, 4:135, 5:120, 6:125, 7:127, 8:116, 9:140, 10:121, 11:137, 12:131, 13:102, 14:129"
437,"1:137, 2:122, 3:113, 4:123, 5:132, 6:136, 7:117, 8:121, 9:122, 10:127, 11:116, 12:143, 13:115, 14:135"
438,"1:120, 2:123, 3:138, 4:121, 5:134, 6:124, 7:110, 8:124, 9:133, 10:134, 11:125, 12:122, 13:134, 14:119"
439,"1:132, 2:131, 3:127, 4:120, 5:130, 6:124, 7:115, 8:137, 9:125, 10:126, 11:119, 12:127, 13:125, 14:129"
440,"1:111, 2:137, 3:117, 4:153, 5:116, 6:112, 7:130, 8:135, 9:122, 10:126, 11:127, 12:126, 13:130, 14:127"
441,"1:121, 2:119, 3:134, 4:122, 5:122, 6:125, 7:134, 8:130, 9:117, 10:128, 11:134, 12:129, 13:129, 14:128"
442,"1:114, 2:136, 3:118, 4:121, 5:147, 6:114, 7:132, 8:135, 9:118, 10:128, 11:135, 12:123, 13:123, 14:122"
443,"1:134, 2:132, 3:116, 4:127, 5:130, 6:121, 7:128, 8:119, 9:134, 10:125, 11:137, 12:104, 13:132, 14:142"
445,"1:126, 2:125, 3:122, 4:125, 5:125, 6:124, 7:113, 8:135, 9:119, 10:126, 11:119, 12:129, 13:121, 14:128"
446,"1:120, 2:122, 3:125, 4:130, 5:132, 6:117, 7:133, 8:121, 9:121, 10:123, 11:135, 12:116, 13:130, 14:124"
447,"1:123, 2:126, 3:131, 4:114, 5:132, 6:123, 7:121, 8:136, 9:114, 10:136, 11:124, 12:133, 13:125, 14:121"
448,"1:118, 2:133, 3:120, 4:125, 5:127, 6:128, 7:129, 8:129, 9:123, 10:133, 11:122, 12:126, 13:118, 14:128"
449,"1:123, 2:124, 3:130, 4:123, 5:128, 6:123, 7:132, 8:132, 9:119, 10:120, 11:139, 12:116, 13:137, 14:121"
450,"1:114, 2:124, 3:132, 4:126, 5:118, 6:129, 7:128, 8:124, 9:131, 10:137, 11:112, 12:128, 13:130, 14:119"
451,"1:129, 2:118, 3:125, 4:122, 5:133, 6:129, 7:123, 8:128, 9:115, 10:125, 11:131, 12:133, 13:119, 14:129"
452,"1:123, 2:134, 3:118, 4:118, 5:132, 6:122, 7:116, 8:125, 9:133, 10:125, 11:114, 12:130, 13:114, 14:127"
453,"1:123, 2:121, 3:134, 4:124, 5:116, 6:138, 7:117, 8:137, 9:122, 10:113, 11:136, 12:132, 13:115, 14:127"
454,"1:124, 2:118, 3:131, 4:128, 5:127, 6:122, 7:132, 8:118, 9:122, 10:143, 11:118, 12:119, 13:133, 14:123"
455,"1:111, 2:135, 3:122, 4:131, 5:126, 6:132, 7:127, 8:116, 9:134, 10:121, 11:133, 12:119, 13:129, 14:130"
456,"1:125, 2:122, 3:141, 4:126, 5:113, 6:130, 7:119, 8:124, 9:116, 10:128, 11:137, 12:117, 13:125, 14:136"
457,"1:134, 2:124, 3:116, 4:127, 5:135, 6:117, 7:124, 8:132, 9:110, 10:132, 11:131, 12:124, 13:117, 14:129"
458,"1:132, 2:125, 3:117, 4:148, 5:115, 6:118, 7:115, 8:122, 9:139, 10:128, 11:113, 12:120, 13:146, 14:126"
459,"1:123, 2:124, 3:121, 4:119, 5:131, 6:126, 7:135, 8:124, 9:105, 10:139, 11:121, 12:124, 13:125, 14:123"
460,"1:128, 2:140, 3:121, 4:119, 5:130, 6:118, 7:123, 8:123, 9:134, 10:119, 11:131, 12:121, 13:132, 14:128"
461,"1:128, 2:129, 3:116, 4:138, 5:108, 6:132, 7:128, 8:120, 9:124, 10:118, 11:143, 12:126, 13:124, 14:107"
462,"1:136, 2:112, 3:134, 4:124, 5:128, 6:113, 7:132, 8:126, 9:122, 10:106, 11:141, 12:123, 13:113, 14:125"
463,"1:161, 2:109, 3:133, 4:106, 5:137, 6:111, 7:123, 8:123, 9:127, 10:108, 11:137, 12:117, 13:120, 14:121"
464,"1:128, 2:126, 3:124, 4:126, 5:122, 6:130, 7:123, 8:119, 9:133, 10:125, 11:122, 12:133, 13:127, 14:113"
465,"1:118, 2:121, 3:132, 4:128, 5:130, 6:121, 7:131, 8:118, 9:133, 10:123, 11:122, 12:126, 13:127, 14:130"
466,"1:133, 2:125, 3:127, 4:120, 5:122, 6:129, 7:126, 8:132, 9:106, 10:130, 11:129, 12:115, 13:135, 14:114"
467,"1:109, 2:133, 3:165, 4:115, 5:138, 6:110, 7:124, 8:124, 9:121, 10:117, 11:124, 12:131, 13:121, 14:104"
468,"1:119, 2:135, 3:126, 4:114, 5:137, 6:123, 7:123, 8:134, 9:116, 10:131, 11:127, 12:121, 13:138, 14:121"
469,"1:143, 2:130, 3:114, 4:128, 5:124, 6:129, 7:104, 8:130, 9:132, 10:126, 11:122, 12:129, 13:119, 14:109"
470,"1:138, 2:120, 3:127, 4:124, 5:123, 6:133, 7:124, 8:128, 9:118, 10:129, 11:122, 12:127, 13:127, 14:128"
471,"1:124, 2:121, 3:120, 4:129, 5:127, 6:128, 7:129, 8:120, 9:131, 10:123, 11:121, 12:121, 13:131, 14:113"
472,"1:121, 2:124, 3:129, 4:113, 5:131, 6:125, 7:125, 8:126, 9:133, 10:119, 11:126, 12:123, 13:130, 14:133"
473,"1:128, 2:116, 3:129, 4:139, 5:126, 6:114, 7:126, 8:130, 9:122, 10:135, 11:128, 12:118, 13:127, 14:129"
474,"1:120, 2:127, 3:129, 4:126, 5:125, 6:124, 7:122, 8:126, 9:128, 10:125, 11:122, 12:128, 13:121, 14:127"
475,"1:132, 2:122, 3:109, 4:132, 5:126, 6:117, 7:139, 8:126, 9:125, 10:119, 11:123, 12:138, 13:108, 14:130"
476,"1:114, 2:139, 3:116, 4:131, 5:127, 6:131, 7:123, 8:128, 9:121, 10:130, 11:126, 12:122, 13:118, 14:134"
477,"1:153, 2:117, 3:119, 4:121, 5:133, 6:116, 7:128, 8:118, 9:137, 10:122, 11:132, 12:119, 13:122, 14:127"
478,"1:140, 2:127, 3:122, 4:129, 5:121, 6:117, 7:126, 8:130, 9:122, 10:128, 11:120, 12:129, 13:120, 14:127"
479,"1:139, 2:120, 3:133, 4:105, 5:141, 6:126, 7:122, 8:142, 9:109, 10:124, 11:122, 12:140, 13:114, 14:125"
480,"1:134, 2:112, 3:135, 4:125, 5:131, 6:105, 7:132, 8:124, 9:129, 10:128, 11:119, 12:111, 13:142, 14:116"
481,"1:119, 2:122, 3:126, 4:137, 5:122, 6:120, 7:126, 8:132, 9:111, 10:128, 11:138, 12:133, 13:111, 14:137"
482,"1:132, 2:124, 3:133, 4:120, 5:124, 6:119, 7:123, 8:119, 9:137, 10:116, 11:136, 12:125, 13:121, 14:122"
483,"1:26, 2:258, 3:133, 4:124, 5:127, 6:115, 7:124, 8:122, 9:119, 10:126, 11:123, 12:120, 13:112, 14:128"
484,"1:131, 2:118, 3:128, 4:128, 5:127, 6:128, 7:112, 8:126, 9:126, 10:126, 11:125, 12:125, 13:114, 14:132"
485,"1:134, 2:123, 3:113, 4:127, 5:115, 6:136, 7:126, 8:125, 9:118, 10:138, 11:123, 12:127, 13:132, 14:114"
486,"1:130, 2:118, 3:128, 4:124, 5:126, 6:131, 7:130, 8:119, 9:119, 10:124, 11:127, 12:131, 13:126, 14:121"
487,"1:130, 2:114, 3:130, 4:117, 5:126, 6:134, 7:125, 8:127, 9:129, 10:119, 11:130, 12:133, 13:116, 14:128"
488,"1:135, 2:131, 3:121, 4:132, 5:108, 6:135, 7:125, 8:127, 9:128, 10:119, 11:121, 12:129, 13:122, 14:137"
489,"1:129, 2:123, 3:128, 4:127, 5:146, 6:115, 7:115, 8:133, 9:118, 10:132, 11:121, 12:124, 13:121, 14:127"
490,"1:121, 2:126, 3:127, 4:127, 5:129, 6:117, 7:136, 8:119, 9:120, 10:131, 11:126, 12:129, 13:128, 14:123"
491,"1:127, 2:125, 3:125, 4:129, 5:123, 6:122, 7:133, 8:124, 9:132, 10:132, 11:112, 12:128, 13:116, 14:130"
492,"1:132, 2:127, 3:126, 4:127, 5:128, 6:117, 7:131, 8:118, 9:126, 10:127, 11:116, 12:129, 13:122, 14:123"
493,"1:153, 2:123, 3:123, 4:121, 5:122, 6:119, 7:133, 8:116, 9:127, 10:128, 11:120, 12:116, 13:128, 14:123"
494,"1:136, 2:133, 3:123, 4:124, 5:124, 6:127, 7:122, 8:126, 9:123, 10:129, 11:118, 12:136, 13:114, 14:126"
495,"1:126, 2:120, 3:125, 4:129, 5:127, 6:124, 7:123, 8:139, 9:112, 10:126, 11:118, 12:137, 13:132, 14:124"
496,"1:158, 2:116, 3:127, 4:124, 5:115, 6:135, 7:111, 8:135, 9:119, 10:118, 11:124, 12:129, 13:121, 14:125"
497,"1:139, 2:125, 3:123, 4:123, 5:129, 6:115, 7:138, 8:115, 9:125, 10:131, 11:118, 12:129, 13:129, 14:114"
498,"1:124, 2:124, 3:118, 4:126, 5:132, 6:110, 7:136, 8:119, 9:122, 10:124, 11:127, 12:117, 13:129, 14:123"
499,"1:126, 2:123, 3:123, 4:123, 5:134, 6:129, 7:121, 8:124, 9:124, 10:129, 11:127, 12:131, 13:113, 14:127"
500,"1:126, 2:113, 3:137, 4:125, 5:131, 6:117, 7:128, 8:124, 9:128, 10:121, 11:124, 12:119, 13:132, 14:129"
501,"1:128, 2:117, 3:131, 4:130, 5:124, 6:131, 7:120, 8:126, 9:123, 10:137, 11:119, 12:131, 13:125, 14:125"
502,"1:119, 2:119, 3:129, 4:122, 5:124, 6:129, 7:148, 8:116, 9:123, 10:122, 11:135, 12:119, 13:133, 14:116"
503,"1:124, 2:123, 3:123, 4:121, 5:131, 6:132, 7:125, 8:128, 9:124, 10:124, 11:135, 12:118, 13:124, 14:132"
504,"1:126, 2:125, 3:124, 4:134, 5:116, 6:139, 7:113, 8:123, 9:131, 10:126, 11:131, 12:124, 13:129, 14:122"
505,"1:116, 2:128, 3:129, 4:127, 5:119, 6:135, 7:132, 8:124, 9:125, 10:126, 11:128, 12:125, 13:119, 14:131"
506,"1:110, 2:117, 3:132, 4:140, 5:111, 6:129, 7:116, 8:132, 9:119, 10:125, 11:119, 12:130, 13:137, 14:116"
507,"1:118, 2:117, 3:123, 4:136, 5:119, 6:131, 7:123, 8:124, 9:129, 10:132, 11:125, 12:126, 13:119, 14:128"
508,"1:120, 2:120, 3:142, 4:117, 5:122, 6:127, 7:131, 8:125, 9:130, 10:112, 11:134, 12:116, 13:132, 14:133"
509,"1:136, 2:134, 3:117, 4:131, 5:128, 6:121, 7:121, 8:126, 9:117, 10:130, 11:129, 12:114, 13:132, 14:115"
510,"1:119, 2:126, 3:132, 4:121, 5:128, 6:118, 7:141, 8:122, 9:116, 10:131, 11:137, 12:131, 13:113, 14:120"
511,"1:158, 2:116, 3:114, 4:116, 5:135, 6:126, 7:128, 8:123, 9:127, 10:119, 11:126, 12:124, 13:129, 14:120"
512,"1:122, 2:117, 3:124, 4:125, 5:147, 6:119, 7:136, 8:120, 9:121, 10:129, 11:118, 12:133, 13:135, 14:124"
513,"1:118, 2:128, 3:124, 4:134, 5:118, 6:128, 7:136, 8:127, 9:122, 10:128, 11:127, 12:121, 13:135, 14:127"
514,"1:131, 2:115, 3:126, 4:131, 5:123, 6:111, 7:133, 8:138, 9:109, 10:137, 11:134, 12:128, 13:119, 14:120"
515,"1:129, 2:129, 3:119, 4:138, 5:120, 6:119, 7:148, 8:113, 9:111, 10:146, 11:117, 12:129, 13:115, 14:133"
516,"1:124, 2:129, 3:123, 4:132, 5:125, 6:127, 7:115, 8:124, 9:127, 10:120, 11:131, 12:131, 13:115, 14:143"
517,"1:134, 2:123, 3:122, 4:135, 5:115, 6:138, 7:117, 8:134, 9:122, 10:124, 11:132, 12:120, 13:120, 14:127"
518,"1:159, 2:119, 3:117, 4:118, 5:130, 6:135, 7:103, 8:137, 9:123, 10:128, 11:113, 12:126, 13:126, 14:121"
519,"1:128, 2:132, 3:118, 4:131, 5:127, 6:124, 7:130, 8:128, 9:115, 10:139, 11:114, 12:133, 13:118, 14:129"
520,"1:123, 2:119, 3:135, 4:111, 5:135, 6:132, 7:117, 8:134, 9:112, 10:133, 11:124, 12:150, 13:112, 14:124"
521,"1:123, 2:132, 3:126, 4:125, 5:120, 6:134, 7:121, 8:127, 9:120, 10:132, 11:124, 12:129, 13:125, 14:136"
522,"1:124, 2:134, 3:123, 4:121, 5:137, 6:118, 7:132, 8:129, 9:117, 10:133, 11:111, 12:127, 13:131, 14:118"
523,"1:128, 2:124, 3:130, 4:112, 5:124, 6:124, 7:124, 8:152, 9:119, 10:133, 11:123, 12:131, 13:108, 14:125"
524,"1:121, 2:123, 3:135, 4:119, 5:122, 6:133, 7:136, 8:114, 9:126, 10:134, 11:114, 12:129, 13:126, 14:136"
525,"1:140, 2:119, 3:125, 4:116, 5:131, 6:129, 7:121, 8:115, 9:125, 10:119, 11:133, 12:122, 13:123, 14:116"
526,"1:130, 2:117, 3:126, 4:127, 5:124, 6:123, 7:127, 8:135, 9:115, 10:131, 11:125, 12:135, 13:118, 14:122"
527,"1:121, 2:131, 3:124, 4:129, 5:122, 6:124, 7:127, 8:124, 9:129, 10:127, 11:127, 12:122, 13:127, 14:135"
528,"1:126, 2:127, 3:125, 4:131, 5:120, 6:119, 7:127, 8:130, 9:149, 10:114, 11:111, 12:122, 13:125, 14:125"
529,"1:126, 2:126, 3:135, 4:120, 5:125, 6:125, 7:128, 8:124, 9:121, 10:136, 11:121, 12:123, 13:128, 14:115"
530,"1:141, 2:119, 3:121, 4:129, 5:124, 6:123, 7:125, 8:127, 9:122, 10:127, 11:132, 12:123, 13:120, 14:128"
531,"1:130, 2:129, 3:120, 4:129, 5:151, 6:113, 7:111, 8:129, 9:124, 10:115, 11:127, 12:127, 13:121, 14:135"
532,"1:115, 2:126, 3:125, 4:126, 5:126, 6:127, 7:134, 8:131, 9:123, 10:112, 11:146, 12:122, 13:118, 14:134"
533,"1:117, 2:133, 3:118, 4:122, 5:128, 6:130, 7:134, 8:121, 9:127, 10:119, 11:130, 12:127, 13:134, 14:127"
534,"1:134, 2:125, 3:114, 4:125, 5:126, 6:122, 7:149, 8:116, 9:116, 10:127, 11:130, 12:122, 13:132, 14:130"
535,"1:124, 2:116, 3:138, 4:121, 5:125, 6:129, 7:127, 8:126, 9:123, 10:126, 11:129, 12:126, 13:121, 14:125"
536,"1:132, 2:124, 3:122, 4:132, 5:118, 6:121, 7:138, 8:116, 9:121, 10:130, 11:124, 12:131, 13:124, 14:129"
537,"1:126, 2:116, 3:134, 4:123, 5:127, 6:125, 7:126, 8:117, 9:124, 10:131, 11:149, 12:118, 13:122, 14:114"
538,"1:132, 2:123, 3:118, 4:123, 5:129, 6:119, 7:126, 8:119, 9:125, 10:137, 11:115, 12:130, 13:123, 14:130"
539,"1:129, 2:122, 3:122, 4:118, 5:134, 6:126, 7:133, 8:125, 9:115, 10:137, 11:121, 12:129, 13:122, 14:132"
540,"1:132, 2:120, 3:127, 4:134, 5:125, 6:120, 7:129, 8:119, 9:128, 10:125, 11:140, 12:113, 13:122, 14:130"
541,"1:116, 2:134, 3:132, 4:113, 5:131, 6:134, 7:120, 8:121, 9:125, 10:125, 11:130, 12:129, 13:119, 14:141"
542,"1:153, 2:116, 3:109, 4:138, 5:116, 6:122, 7:137, 8:117, 9:125, 10:128, 11:121, 12:134, 13:118, 14:126"
543,"1:116, 2:131, 3:130, 4:132, 5:115, 6:133, 7:118, 8:132, 9:123, 10:121, 11:135, 12:120, 13:118, 14:134"
544,"1:130, 2:123, 3:124, 4:114, 5:133, 6:137, 7:116, 8:128, 9:125, 10:129, 11:127, 12:122, 13:132, 14:112"
545,"1:116, 2:131, 3:119, 4:131, 5:120, 6:125, 7:150, 8:118, 9:126, 10:129, 11:106, 12:140, 13:127, 14:122"
546,"1:145, 2:117, 3:126, 4:130, 5:112, 6:125, 7:130, 8:131, 9:117, 10:127, 11:117, 12:132, 13:130, 14:127"
547,"1:129, 2:119, 3:130, 4:119, 5:133, 6:122, 7:124, 8:127, 9:124, 10:121, 11:137, 12:119, 13:130, 14:126"
548,"1:117, 2:127, 3:120, 4:127, 5:125, 6:117, 7:127, 8:118, 9:119, 10:126, 11:121, 12:129, 13:123, 14:126"
549,"1:124, 2:134, 3:129, 4:128, 5:131, 6:123, 7:120, 8:124, 9:120, 10:129, 11:124, 12:131, 13:125, 14:119"
550,"1:126, 2:123, 3:127, 4:127, 5:125, 6:124, 7:127, 8:124, 9:120, 10:133, 11:114, 12:139, 13:120, 14:121"
551,"1:129, 2:119, 3:132, 4:111, 5:123, 6:124, 7:160, 8:118, 9:130, 10:124, 11:113, 12:123, 13:131, 14:120"
552,"1:108, 2:127, 3:131, 4:125, 5:136, 6:113, 7:128, 8:128, 9:130, 10:118, 11:133, 12:123, 13:126, 14:122"
553,"1:159, 2:128, 3:131, 4:127, 5:126, 6:120, 7:118, 8:128, 9:106, 10:124, 11:126, 12:117, 13:127, 14:114"
554,"1:121, 2:138, 3:118, 4:123, 5:119, 6:128, 7:150, 8:116, 9:118, 10:117, 11:131, 12:134, 13:124, 14:116"
555,"1:129, 2:120, 3:123, 4:127, 5:107, 6:133, 7:119, 8:120, 9:132, 10:130, 11:126, 12:123, 13:135, 14:106"
556,"1:121, 2:130, 3:121, 4:115, 5:132, 6:116, 7:135, 8:137, 9:106, 10:128, 11:130, 12:120, 13:135, 14:114"
557,"1:124, 2:125, 3:127, 4:122, 5:131, 6:112, 7:127, 8:121, 9:125, 10:117, 11:117, 12:139, 13:119, 14:119"
558,"1:124, 2:137, 3:120, 4:121, 5:131, 6:121, 7:134, 8:120, 9:116, 10:119, 11:140, 12:120, 13:117, 14:124"
559,"1:124, 2:119, 3:126, 4:127, 5:115, 6:146, 7:120, 8:125, 9:128, 10:121, 11:137, 12:123, 13:124, 14:130"
560,"1:159, 2:119, 3:135, 4:122, 5:123, 6:120, 7:111, 8:120, 9:123, 10:121, 11:119, 12:123, 13:121, 14:128"
561,"1:131, 2:128, 3:123, 4:124, 5:126, 6:127, 7:117, 8:133, 9:115, 10:141, 11:117, 12:130, 13:126, 14:120"
562,"1:159, 2:118, 3:115, 4:125, 5:123, 6:128, 7:118, 8:133, 9:118, 10:124, 11:131, 12:106, 13:143, 14:118"
563,"1:119, 2:135, 3:122, 4:137, 5:121, 6:126, 7:116, 8:126, 9:127, 10:133, 11:121, 12:115, 13:129, 14:138"
564,"1:111, 2:149, 3:118, 4:126, 5:129, 6:147, 7:113, 8:114, 9:129, 10:126, 11:129, 12:128, 13:125, 14:124"
565,"1:123, 2:127, 3:124, 4:129, 5:120, 6:131, 7:120, 8:129, 9:117, 10:139, 11:117, 12:124, 13:126, 14:133"
566,"1:137, 2:122, 3:126, 4:120, 5:123, 6:126, 7:129, 8:122, 9:151, 10:114, 11:110, 12:125, 13:130, 14:128"
567,"1:119, 2:129, 3:124, 4:122, 5:127, 6:128, 7:126, 8:127, 9:126, 10:127, 11:122, 12:127, 13:129, 14:128"
568,"1:129, 2:129, 3:132, 4:124, 5:115, 6:124, 7:127, 8:125, 9:155, 10:112, 11:113, 12:127, 13:114, 14:128"
569,"1:124, 2:122, 3:138, 4:121, 5:120, 6:134, 7:123, 8:128, 9:122, 10:128, 11:130, 12:127, 13:117, 14:133"
570,"1:131, 2:118, 3:131, 4:121, 5:151, 6:113, 7:111, 8:130, 9:126, 10:127, 11:129, 12:131, 13:125, 14:120"
571,"1:121, 2:124, 3:135, 4:126, 5:129, 6:118, 7:126, 8:126, 9:111, 10:139, 11:132, 12:126, 13:130, 14:117"
572,"1:159, 2:119, 3:122, 4:118, 5:114, 6:131, 7:130, 8:129, 9:115, 10:129, 11:128, 12:121, 13:119, 14:124"
573,"1:132, 2:122, 3:130, 4:121, 5:127, 6:123, 7:127, 8:126, 9:119, 10:127, 11:129, 12:123, 13:128, 14:123"
574,"1:159, 2:114, 3:114, 4:122, 5:131, 6:129, 7:119, 8:125, 9:120, 10:136, 11:121, 12:117, 13:137, 14:113"
575,"1:123, 2:113, 3:141, 4:119, 5:120, 6:127, 7:128, 8:152, 9:118, 10:124, 11:122, 12:121, 13:129, 14:123"
576,"1:125, 2:124, 3:123, 4:127, 5:124, 6:119, 7:132, 8:117, 9:134, 10:128, 11:126, 12:131, 13:122, 14:129"
577,"1:116, 2:128, 3:132, 4:119, 5:120, 6:150, 7:116, 8:121, 9:136, 10:118, 11:127, 12:124, 13:127, 14:124"
578,"1:123, 2:130, 3:125, 4:126, 5:126, 6:128, 7:123, 8:123, 9:152, 10:114, 11:117, 12:127, 13:122, 14:126"
579,"1:119, 2:128, 3:124, 4:126, 5:126, 6:126, 7:123, 8:126, 9:128, 10:118, 11:131, 12:125, 13:121, 14:132"
580,"1:116, 2:122, 3:141, 4:116, 5:124, 6:124, 7:149, 8:117, 9:116, 10:124, 11:132, 12:127, 13:128, 14:132"
581,"1:130, 2:123, 3:124, 4:122, 5:129, 6:133, 7:120, 8:125, 9:133, 10:115, 11:135, 12:116, 13:132, 14:124"
582,"1:159, 2:115, 3:117, 4:120, 5:123, 6:130, 7:123, 8:126, 9:122, 10:124, 11:123, 12:124, 13:126, 14:125"
583,"1:120, 2:125, 3:130, 4:116, 5:127, 6:125, 7:124, 8:154, 9:116, 10:118, 11:130, 12:121, 13:128, 14:128"
584,"1:120, 2:123, 3:128, 4:120, 5:126, 6:126, 7:118, 8:125, 9:123, 10:129, 11:120, 12:120, 13:131, 14:119"
585,"1:126, 2:122, 3:129, 4:125, 5:125, 6:131, 7:121, 8:126, 9:125, 10:128, 11:123, 12:126, 13:127, 14:124"
586,"1:153, 2:114, 3:116, 4:121, 5:125, 6:122, 7:129, 8:124, 9:118, 10:117, 11:134, 12:121, 13:120, 14:124"
587,"1:120, 2:114, 3:127, 4:124, 5:118, 6:132, 7:122, 8:130, 9:123, 10:115, 11:157, 12:124, 13:116, 14:123"
588,"1:128, 2:124, 3:117, 4:131, 5:136, 6:126, 7:112, 8:130, 9:135, 10:110, 11:125, 12:125, 13:124, 14:130"
589,"1:122, 2:151, 3:115, 4:113, 5:122, 6:131, 7:121, 8:128, 9:123, 10:127, 11:128, 12:129, 13:129, 14:119"
590,"1:154, 2:117, 3:117, 4:117, 5:123, 6:126, 7:121, 8:119, 9:122, 10:118, 11:125, 12:123, 13:123, 14:122"
591,"1:117, 2:117, 3:127, 4:129, 5:128, 6:125, 7:124, 8:152, 9:122, 10:114, 11:127, 12:129, 13:124, 14:131"
592,"1:119, 2:126, 3:155, 4:114, 5:109, 6:127, 7:128, 8:126, 9:125, 10:125, 11:124, 12:127, 13:124, 14:133"
593,"1:163, 2:126, 3:127, 4:124, 5:117, 6:120, 7:124, 8:124, 9:117, 10:121, 11:127, 12:122, 13:121, 14:131"
594,"1:129, 2:124, 3:114, 4:153, 5:114, 6:124, 7:120, 8:128, 9:116, 10:126, 11:115, 12:124, 13:121, 14:124"
595,"1:126, 2:121, 3:128, 4:118, 5:135, 6:117, 7:123, 8:125, 9:156, 10:114, 11:128, 12:121, 13:127, 14:120"
596,"1:123, 2:126, 3:124, 4:150, 5:114, 6:124, 7:123, 8:127, 9:119, 10:126, 11:156, 12:119, 13:112, 14:123"
597,"1:160, 2:114, 3:119, 4:117, 5:128, 6:116, 7:159, 8:120, 9:114, 10:128, 11:122, 12:119, 13:123, 14:119"
598,"1:159, 2:115, 3:121, 4:123, 5:120, 6:10, 7:270, 8:113, 9:125, 10:118, 11:136, 12:98, 13:135, 14:119"
599,"1:123, 2:124, 3:151, 4:115, 5:115, 6:128, 7:124, 8:131, 9:119, 10:149, 11:116, 12:114, 13:132, 14:122"
600,"1:119, 2:153, 3:116, 4:114, 5:130, 6:128, 7:119, 8:131, 9:116, 10:151, 11:117, 12:123, 13:122, 14:123"
601,"1:152, 2:115, 3:123, 4:115, 5:149, 6:115, 7:112, 8:126, 9:127, 10:122, 11:149, 12:114, 13:112, 14:131"
602,"1:152, 2:116, 3:119, 4:117, 5:139, 6:150, 7:115, 8:108, 9:125, 10:131, 11:120, 12:149, 13:113, 14:117"
603,"1:152, 2:114, 3:112, 4:128, 5:124, 6:151, 7:112, 8:125, 9:125, 10:113, 11:150, 12:114, 13:121, 14:122"
604,"1:152, 2:116, 3:115, 4:126, 5:149, 6:113, 7:118, 8:129, 9:120, 10:155, 11:113, 12:107, 13:129, 14:124"
