Page,Line,Ignore_issues,Issue_exits
6,15,"missing pink(1) at position 23 [9, 18]",no
7,7,"extra green(1) at position 20 [8, 14]",no
16,4,"extra green(1) at position 7 [13, 10]",no
19,9,"extra green(1) at position 28 [13, 10]",no
21,7,"extra green(1) at position 9 [9, 8]",no
22,13,"extra green(1) at position 23 [20, 9]",no
26,10,"extra pink(1) at position 2 [21, 26]",no
27,10,"extra green(1) at position 16 [8, 14]",no
27,11,"missing orange(1) at position 12 [9, 21]",no
27,15,"extra pink(1) at position 14 [10, 13]",no
30,14,"extra green(2) at position 8 [13, 17]",no
31,1,"extra green(1) at position 19 [13, 10]",no
32,9,"extra blue(1) at position 16 [45, 15]",no
32,15,"extra pink(1) at position 16 [19, 9]",no
33,2,"extra green(1) at position 17 [5, 15]",no
34,8,"extra pink(1) at position 4 [57, 26]",no
34,11,"extra pink(1) at position 6 [13, 10]",no
34,13,"extra pink(1) at position 14 [14, 41]",no
35,6,"extra pink(1) at position 2 [26, 10]",no
36,3,"extra green(1) at position 23 [25, 10]",no
38,13,"extra green(1) at position 21 [20, 9]",no
40,14,"extra pink(1) at position 2 [52, 27]",no
43,9,"extra green(1) at position 17 [8, 7]",no
45,3,"extra green(1) at position 9 [40, 50]",no
47,12,"missing blue(1) at position 9 [36, 34]",no
47,15,"missing blue(1) at position 13 [30, 33]",no
49,1,"extra green(1) at position 20 [7, 15]",no
50,1,"missing green(38) at position 1 [344, 11]",no
50,1,"missing orange(28) at position 5 [14, 10]",no
50,2,"missing orange(3) at position 1 [43, 29]",no
50,2,"missing blue(6) at position 2 [44, 29]",no
50,10,"extra green(1) at position 13 [13, 17]",no
52,4,"extra pink(1) at position 15 [13, 10]",no
54,10,"extra green(1) at position 18 [13, 10]",no
54,11,"extra green(2) at position 18 [12, 10]",no
54,14,"extra green(1) at position 18 [13, 10]",no
55,2,"extra pink(1) at position 9 [13, 10]",no
55,5,"extra green(2) at position 29 [13, 10]",no
55,6,"extra green(1) at position 2 [31, 27]",no
56,2,"extra green(1) at position 14 [14, 17]",no
56,5,"extra green(1) at position 16 [23, 19]",no
57,3,"extra green(1) at position 7 [13, 10]",no
58,4,"extra green(1) at position 9 [20, 14]",no
58,8,"extra pink(1) at position 14 [8, 15]",no
58,14,"extra pink(1) at position 9 [8, 15]",no
60,7,"extra pink(1) at position 2 [37, 27]",no
62,14,"extra pink(1) at position 8 [8, 7]",no
63,12,"extra green(1) at position 9 [32, 30]",no
66,3,"extra green(1) at position 14 [31, 32]",no
66,6,"extra pink(1) at position 4 [8, 7]",no
68,5,"extra green(1) at position 25 [13, 10]",no
70,2,"extra green(1) at position 31 [20, 9]",no
71,8,"missing blue(1) at position 8 [17, 14]",no
75,11,"missing pink(1) at position 32 [8, 19]",no
76,1,"extra green(1) at position 19 [7, 15]",no
76,12,"extra pink(1) at position 17 [13, 10]",no
76,15,"missing green(38) at position 1 [343, 11]",no
76,15,"missing orange(28) at position 5 [14, 10]",no
77,1,"missing orange(3) at position 1 [41, 29]",no
77,1,"missing blue(6) at position 2 [41, 29]",no
77,5,"extra pink(1) at position 12 [12, 9]",no
77,9,"extra green(1) at position 31 [19, 9]",no
77,12,"extra pink(1) at position 21 [19, 9]",no
77,14,"extra green(1) at position 13 [13, 10]",no
79,2,"extra green(1) at position 21 [12, 17]",no
79,4,"extra green(1) at position 17 [12, 17]",no
80,14,"extra pink(1) at position 3 [13, 17]",no
90,9,"extra green(1) at position 15 [14, 8]",no
90,10,"missing blue(1) at position 19 [22, 17]",no
91,8,"extra blue(1) at position 6 [11, 27]",no
92,9,"extra green(1) at position 17 [14, 9]",no
93,5,"missing green(1) at position 17 [9, 19]",no
93,6,"extra green(1) at position 16 [19, 12]",no
96,10,"extra green(1) at position 15 [13, 9]",no
100,11,"missing pink(1) at position 12 [18, 9]",no
102,6,"extra pink(1) at position 5 [14, 17]",no
104,9,"extra pink(1) at position 7 [20, 9]",no
106,2,"extra green(1) at position 15 [18, 42]",no
106,6,"missing green(38) at position 1 [344, 11]",no
106,6,"missing orange(28) at position 5 [11, 8]",no
106,7,"missing orange(3) at position 1 [44, 28]",no
106,7,"missing blue(6) at position 2 [43, 28]",no
107,6,"extra green(1) at position 8 [13, 10]",no
108,11,"extra pink(1) at position 6 [14, 17]",no
109,1,"extra pink(1) at position 7 [8, 15]",no
109,2,"extra pink(1) at position 4 [37, 13]",no
110,7,"extra green(1) at position 18 [7, 15]",no
112,3,"extra green(1) at position 18 [20, 9]",no
113,11,"extra pink(1) at position 2 [32, 27]",no
117,4,"extra green(1) at position 16 [29, 28]",no
117,4,"extra pink(1) at position 19 [13, 16]",no
117,7,"extra pink(1) at position 2 [42, 19]",no
117,10,"extra green(1) at position 14 [13, 9]",no
117,13,"extra pink(1) at position 2 [28, 17]",no
118,5,"extra pink(1) at position 4 [37, 15]",no
120,11,"extra green(1) at position 16 [13, 10]",no
120,12,"extra green(1) at position 15 [14, 17]",no
121,6,"extra green(1) at position 7 [32, 30]",no
122,1,"extra pink(1) at position 15 [20, 9]",no
122,5,"extra green(1) at position 19 [8, 8]",no
122,13,"extra green(1) at position 6 [27, 27]",no
122,14,"extra green(1) at position 12 [25, 43]",no
124,10,"extra pink(1) at position 2 [8, 15]",no
125,14,"extra pink(1) at position 23 [19, 9]",no
128,1,"missing green(38) at position 1 [344, 11]",no
128,1,"missing orange(28) at position 5 [11, 8]",no
128,2,"missing orange(3) at position 1 [43, 29]",no
128,2,"missing blue(6) at position 2 [43, 29]",no
128,5,"extra purple(1) at position 20 [36, 19]",no
129,9,"extra green(1) at position 13 [12, 9]",no
129,10,"extra green(1) at position 7 [5, 5]",no
129,11,"extra green(1) at position 21 [20, 9]",no
129,14,"extra green(1) at position 10 [12, 10]",no
130,1,"extra green(1) at position 7 [12, 16]",no
131,5,"extra pink(1) at position 7 [15, 8]",no
135,2,"extra green(1) at position 12 [51, 19]",no
137,7,"extra green(1) at position 19 [13, 10]",no
137,15,"extra green(1) at position 14 [13, 10]",no
139,1,"extra green(1) at position 13 [13, 10]",no
140,6,"extra green(1) at position 22 [7, 14]",no
140,14,"extra green(1) at position 6 [7, 7]",no
141,10,"extra green(1) at position 18 [11, 27]",no
142,5,"extra blue(1) at position 20 [20, 9]",no
143,6,"extra pink(1) at position 3 [15, 8]",no
144,4,"extra green(1) at position 9 [13, 10]",no
145,6,"extra green(1) at position 6 [12, 16]",no
145,11,"missing pink(1) at position 2 [36, 26]",no
148,3,"extra green(1) at position 6 [13, 10]",no
148,5,"extra green(1) at position 13 [8, 7]",no
149,9,"extra green(1) at position 7 [14, 17]",no
149,13,"extra green(1) at position 13 [31, 33]",no
150,1,"extra pink(1) at position 8 [31, 30]",no
150,3,"extra green(1) at position 27 [19, 9]",no
150,14,"extra pink(1) at position 25 [9, 8]",no
151,1,"missing green(38) at position 1 [344, 11]",no
151,1,"missing orange(28) at position 5 [14, 10]",no
151,2,"missing orange(3) at position 1 [43, 28]",no
151,2,"missing blue(6) at position 2 [44, 29]",no
151,12,"missing blue(1) at position 13 [15, 13]",no
153,5,"extra green(1) at position 20 [14, 10]",no
154,7,"extra green(1) at position 16 [14, 17]",no
156,2,"extra green(1) at position 14 [13, 9]",no
159,9,"extra green(1) at position 29 [20, 9]",no
160,3,"extra green(1) at position 16 [20, 9]",no
161,1,"extra pink(1) at position 18 [20, 9]",no
161,10,"extra green(1) at position 5 [13, 10]",no
163,4,"extra pink(1) at position 14 [14, 41]",no
163,14,"missing green(1) at position 13 [5, 10]",no
164,11,"extra green(1) at position 27 [19, 9]",no
165,11,"missing orange(1) at position 16 [12, 27]",no
169,1,"extra green(1) at position 26 [19, 9]",no
169,7,"extra green(1) at position 9 [13, 10]",no
170,10,"extra pink(1) at position 12 [31, 30]",no
170,11,"extra pink(1) at position 15 [20, 9]",no
171,1,"extra pink(1) at position 5 [13, 10]",no
171,6,"missing blue(1) at position 14 [26, 16]",no
172,4,"missing green(1) at position 6 [38, 54]",no
172,5,"extra green(2) at position 20 [21, 25]",no
173,14,"missing blue(1) at position 7 [9, 10]",no
173,15,"extra pink(1) at position 9 [14, 9]",no
174,10,"extra pink(1) at position 14 [14, 10]",no
174,13,"missing green(1) at position 16 [9, 8]",no
177,1,"missing green(38) at position 1 [344, 11]",no
177,1,"missing orange(28) at position 5 [14, 10]",no
177,2,"missing orange(3) at position 1 [42, 28]",no
177,2,"missing blue(6) at position 2 [40, 26]",no
178,1,"extra green(1) at position 6 [13, 10]",no
178,7,"extra green(1) at position 5 [9, 19]",no
187,1,"missing green(38) at position 1 [344, 11]",no
187,1,"missing orange(28) at position 5 [14, 10]",no
192,13,"extra green(1) at position 13 [12, 10]",no
193,4,"extra pink(1) at position 2 [14, 9]",no
196,6,"extra blue(1) at position 18 [19, 9]",no
196,13,"extra green(1) at position 15 [13, 10]",no
198,8,"missing blue(1) at position 13 [9, 20]",no
207,3,"extra green(1) at position 18 [20, 9]",no
207,15,"missing green(39) at position 1 [344, 10]",no
207,15,"missing orange(28) at position 5 [11, 8]",no
208,1,"missing blue(6) at position 1 [42, 29]",no
208,1,"missing orange(3) at position 2 [43, 29]",no
209,15,"extra pink(1) at position 15 [11, 27]",no
210,9,"extra pink(1) at position 6 [13, 17]",no
210,15,"extra green(1) at position 23 [14, 8]",no
211,1,"extra green(1) at position 25 [36, 23]",no
212,2,"extra pink(1) at position 14 [7, 15]",no
212,4,"extra green(1) at position 22 [13, 10]",no
212,5,"extra pink(1) at position 18 [19, 9]",no
212,14,"extra green(1) at position 10 [13, 10]",no
213,2,"extra green(1) at position 27 [11, 9]",no
213,10,"missing blue(1) at position 8 [8, 16]",no
214,7,"extra green(1) at position 24 [20, 9]",no
221,7,"missing green(38) at position 1 [345, 11]",no
221,7,"missing orange(28) at position 5 [11, 8]",no
221,8,"missing orange(3) at position 1 [44, 29]",no
221,8,"missing blue(6) at position 2 [44, 29]",no
222,12,"extra pink(1) at position 10 [14, 17]",no
222,13,"extra pink(1) at position 3 [58, 34]",no
223,9,"extra pink(1) at position 16 [20, 9]",no
224,3,"extra pink(1) at position 9 [14, 17]",no
224,6,"extra pink(1) at position 13 [12, 10]",no
224,9,"extra green(1) at position 11 [13, 10]",no
227,3,"extra green(1) at position 10 [13, 10]",no
228,3,"extra green(1) at position 27 [31, 32]",no
230,1,"extra pink(1) at position 13 [8, 14]",no
230,5,"extra pink(1) at position 17 [7, 7]",no
232,8,"extra green(1) at position 7 [8, 7]",no
235,9,"missing green(38) at position 1 [344, 11]",no
235,9,"missing orange(28) at position 5 [11, 8]",no
235,10,"missing orange(3) at position 1 [40, 26]",no
235,10,"missing blue(6) at position 2 [39, 26]",no
235,14,"extra green(1) at position 7 [13, 10]",no
236,1,"extra pink(1) at position 6 [14, 9]",no
236,6,"extra pink(1) at position 13 [14, 41]",no
237,6,"extra green(1) at position 22 [25, 10]",no
237,10,"extra green(1) at position 9 [14, 8]",no
237,13,"extra pink(1) at position 3 [58, 34]",no
239,11,"extra green(1) at position 42 [20, 9]",no
239,14,"extra green(1) at position 17 [13, 10]",no
240,15,"extra pink(1) at position 16 [8, 14]",no
241,15,"extra green(1) at position 25 [20, 9]",no
242,4,"extra green(1) at position 10 [14, 10]",no
242,14,"extra pink(2) at position 13 [36, 23]",no
243,3,"extra pink(1) at position 2 [51, 21]",no
243,14,"extra pink(1) at position 10 [54, 18]",no
244,6,"extra pink(1) at position 17 [20, 9]",no
244,7,"extra pink(1) at position 14 [19, 13]",no
246,14,"extra green(1) at position 9 [8, 7]",no
247,3,"extra pink(1) at position 25 [20, 9]",no
249,1,"missing green(38) at position 1 [345, 11]",no
249,1,"missing orange(28) at position 5 [14, 10]",no
249,2,"missing orange(3) at position 1 [43, 29]",no
249,2,"missing blue(6) at position 2 [44, 29]",no
249,14,"extra pink(1) at position 12 [7, 15]",no
253,14,"extra green(1) at position 12 [11, 13]",no
255,3,"missing green(38) at position 1 [345, 11]",no
255,3,"missing orange(28) at position 5 [14, 10]",no
255,4,"missing orange(3) at position 1 [43, 29]",no
255,4,"missing blue(6) at position 2 [44, 29]",no
255,11,"extra green(1) at position 7 [13, 10]",no
255,13,"missing blue(1) at position 16 [30, 15]",no
256,13,"extra pink(1) at position 3 [100, 34]",no
259,2,"extra green(1) at position 13 [31, 32]",no
262,1,"missing green(38) at position 1 [345, 12]",no
262,1,"missing orange(28) at position 5 [14, 10]",no
262,2,"missing orange(3) at position 1 [43, 29]",no
262,2,"missing blue(6) at position 2 [43, 29]",no
263,12,"extra pink(1) at position 19 [8, 7]",no
263,14,"extra pink(1) at position 2 [26, 23]",no
265,14,"extra pink(1) at position 14 [12, 9]",no
267,7,"missing green(35) at position 1 [345, 12]",no
267,7,"missing orange(28) at position 5 [12, 9]",no
267,8,"missing orange(3) at position 1 [43, 28]",no
267,8,"missing blue(6) at position 2 [44, 28]",no
269,7,"extra green(1) at position 16 [7, 15]",no
272,14,"missing blue(1) at position 21 [9, 8]",no
274,9,"extra pink(1) at position 5 [24, 21]",no
276,9,"missing blue(1) at position 17 [8, 19]",no
279,12,"extra pink(1) at position 13 [20, 9]",no
280,2,"extra green(1) at position 16 [32, 30]",no
280,3,"extra green(1) at position 22 [13, 10]",no
280,10,"extra green(1) at position 8 [13, 10]",no
282,1,"missing green(38) at position 1 [345, 11]",no
282,1,"missing orange(28) at position 5 [11, 8]",no
282,2,"missing orange(3) at position 1 [43, 28]",no
282,2,"missing blue(6) at position 2 [43, 29]",no
283,9,"extra pink(1) at position 19 [8, 15]",no
285,3,"extra blue(1) at position 23 [13, 10]",no
286,3,"extra pink(1) at position 16 [12, 9]",no
287,11,"extra pink(1) at position 2 [8, 7]",no
291,4,"extra pink(1) at position 9 [14, 17]",no
291,6,"extra green(1) at position 19 [13, 10]",no
291,13,"extra pink(1) at position 11 [17, 19]",no
292,11,"extra green(1) at position 25 [20, 9]",no
292,12,"extra pink(1) at position 30 [20, 9]",no
293,10,"missing green(37) at position 1 [345, 11]",no
293,10,"missing orange(28) at position 5 [14, 10]",no
293,11,"missing orange(3) at position 1 [44, 29]",no
293,11,"missing blue(6) at position 2 [44, 29]",no
296,7,"extra green(1) at position 21 [20, 9]",no
296,7,"extra pink(1) at position 10 [22, 19]",no
296,9,"extra green(1) at position 25 [20, 9]",no
297,14,"extra green(1) at position 19 [14, 17]",no
300,12,"extra pink(1) at position 10 [13, 10]",no
301,14,"extra pink(1) at position 16 [12, 9]",no
302,3,"extra pink(1) at position 15 [7, 15]",no
304,14,"extra green(1) at position 31 [17, 8]",no
305,1,"missing green(38) at position 1 [345, 11]",no
305,1,"missing orange(28) at position 5 [11, 8]",no
305,2,"missing orange(3) at position 1 [44, 28]",no
305,2,"missing blue(6) at position 2 [44, 29]",no
305,4,"extra green(1) at position 8 [13, 10]",no
307,2,"extra green(1) at position 17 [8, 15]",no
307,6,"extra green(1) at position 13 [5, 6]",no
308,5,"extra green(1) at position 20 [19, 9]",no
309,1,"missing blue(1) at position 16 [8, 8]",no
312,5,"missing green(38) at position 1 [345, 11]",no
312,5,"missing orange(30) at position 5 [14, 10]",no
312,6,"missing orange(3) at position 1 [43, 28]",no
312,6,"missing blue(6) at position 2 [43, 28]",no
313,4,"extra green(1) at position 4 [7, 15]",no
314,1,"extra pink(1) at position 14 [19, 9]",no
316,14,"extra pink(1) at position 14 [8, 14]",no
317,7,"extra green(1) at position 23 [13, 10]",no
320,12,"extra green(1) at position 23 [13, 9]",no
322,1,"missing green(38) at position 1 [345, 11]",no
322,1,"missing orange(28) at position 5 [14, 10]",no
322,2,"missing orange(3) at position 1 [43, 28]",no
322,2,"missing blue(6) at position 2 [44, 28]",no
322,9,"extra green(1) at position 11 [31, 30]",no
324,13,"extra green(1) at position 15 [10, 24]",no
327,2,"missing orange(1) at position 16 [14, 18]",no
327,5,"missing blue(1) at position 14 [7, 18]",no
327,6,"missing blue(1) at position 13 [9, 19]",no
327,15,"missing green(1) at position 9 [39, 39]",no
329,3,"extra green(1) at position 21 [14, 7]",no
330,15,"extra pink(1) at position 9 [7, 7]",no
331,9,"extra green(1) at position 21 [8, 15]",no
331,15,"missing green(38) at position 1 [344, 11]",no
331,15,"missing orange(28) at position 5 [14, 10]",no
332,1,"missing orange(3) at position 1 [48, 28]",no
332,1,"missing blue(6) at position 2 [48, 29]",no
334,2,"extra green(1) at position 17 [7, 15]",no
335,5,"extra green(1) at position 1 [8, 7]",no
337,13,"missing orange(1) at position 11 [15, 12]",no
341,1,"extra green(1) at position 15 [20, 9]",no
341,5,"extra pink(1) at position 2 [16, 32]",no
341,15,"missing green(38) at position 1 [345, 11]",no
341,15,"missing orange(28) at position 5 [14, 10]",no
342,1,"missing orange(3) at position 1 [43, 28]",no
342,1,"missing blue(6) at position 2 [44, 29]",no
342,8,"extra pink(1) at position 4 [32, 30]",no
343,2,"extra green(1) at position 23 [13, 10]",no
343,3,"extra green(1) at position 13 [13, 10]",no
343,10,"extra pink(1) at position 12 [19, 9]",no
343,14,"extra green(1) at position 10 [8, 8]",no
343,15,"missing green(1) at position 27 [20, 7]",no
345,9,"extra green(1) at position 5 [12, 10]",no
346,5,"missing blue(1) at position 12 [38, 36]",no
346,6,"missing blue(1) at position 28 [15, 12]",no
348,3,"extra green(1) at position 19 [5, 15]",no
349,6,"extra pink(1) at position 14 [31, 30]",no
349,15,"missing green(37) at position 1 [346, 11]",no
349,15,"missing orange(28) at position 5 [11, 8]",no
350,1,"missing orange(3) at position 1 [44, 28]",no
350,1,"missing blue(6) at position 2 [43, 28]",no
350,3,"extra green(1) at position 10 [28, 29]",no
351,13,"extra green(1) at position 5 [7, 15]",no
352,1,"extra blue(1) at position 11 [8, 15]",no
354,6,"missing blue(1) at position 24 [11, 53]",no
354,10,"extra green(1) at position 7 [13, 9]",no
354,11,"extra green(2) at position 23 [13, 10]",no
355,4,"missing green(1) at position 19 [30, 12]",no
355,5,"extra green(1) at position 18 [14, 41]",no
355,8,"extra blue(1) at position 29 [20, 9]",no
355,10,"extra green(1) at position 27 [13, 17]",no
355,15,"extra blue(1) at position 22 [19, 9]",no
356,7,"extra pink(1) at position 14 [14, 42]",no
356,12,"extra pink(1) at position 3 [13, 10]",no
358,6,"extra green(1) at position 7 [5, 14]",no
359,11,"missing green(38) at position 1 [344, 11]",no
359,11,"missing orange(28) at position 5 [14, 10]",no
359,12,"missing orange(3) at position 1 [43, 29]",no
359,12,"missing blue(6) at position 2 [44, 29]",no
359,15,"extra green(1) at position 20 [11, 14]",no
360,9,"extra green(1) at position 12 [19, 9]",no
361,1,"missing green(1) at position 19 [21, 15]",no
361,2,"extra green(1) at position 17 [13, 10]",no
362,1,"extra pink(1) at position 8 [13, 10]",no
364,7,"extra green(1) at position 15 [19, 13]",no
364,9,"extra pink(1) at position 10 [37, 23]",no
364,11,"extra green(1) at position 7 [13, 10]",no
366,15,"missing green(38) at position 1 [345, 11]",no
366,15,"missing orange(28) at position 5 [14, 10]",no
367,1,"missing orange(3) at position 1 [40, 28]",no
367,1,"missing blue(6) at position 2 [41, 28]",no
369,11,"extra pink(1) at position 11 [13, 40]",no
372,14,"extra green(1) at position 23 [19, 9]",no
374,5,"extra blue(1) at position 12 [23, 22]",no
376,6,"extra green(1) at position 5 [14, 17]",no
376,15,"missing green(38) at position 1 [345, 11]",no
376,15,"missing orange(28) at position 5 [14, 10]",no
377,1,"missing orange(3) at position 1 [44, 28]",no
377,1,"missing blue(6) at position 2 [43, 28]",no
377,5,"extra pink(1) at position 4 [8, 15]",no
377,14,"extra green(1) at position 23 [6, 12]",no
379,1,"extra green(1) at position 13 [13, 10]",no
379,13,"extra blue(1) at position 20 [14, 8]",no
385,8,"missing green(35) at position 1 [346, 12]",no
385,8,"missing orange(28) at position 5 [15, 10]",no
385,9,"missing orange(3) at position 1 [43, 28]",no
385,9,"missing blue(6) at position 2 [44, 28]",no
387,6,"extra green(1) at position 23 [12, 10]",no
396,8,"missing green(38) at position 1 [345, 11]",no
396,8,"missing orange(28) at position 5 [14, 10]",no
396,9,"missing orange(3) at position 1 [44, 28]",no
396,9,"missing blue(6) at position 2 [43, 28]",no
398,10,"missing blue(1) at position 26 [14, 13]",no
399,7,"extra green(1) at position 19 [20, 9]",no
401,6,"missing blue(1) at position 4 [37, 33]",no
403,12,"extra blue(1) at position 31 [19, 9]",no
404,10,"missing green(38) at position 1 [345, 12]",no
404,10,"missing orange(28) at position 5 [14, 10]",no
404,11,"missing orange(3) at position 1 [44, 29]",no
404,11,"missing blue(6) at position 2 [43, 28]",no
408,9,"extra pink(1) at position 8 [22, 19]",no
411,1,"missing green(38) at position 1 [345, 11]",no
411,1,"missing orange(28) at position 5 [11, 8]",no
411,2,"missing orange(3) at position 1 [44, 28]",no
411,2,"missing blue(6) at position 2 [43, 28]",no
414,15,"missing green(38) at position 1 [345, 11]",no
414,15,"missing orange(28) at position 5 [11, 8]",no
415,1,"missing orange(3) at position 1 [43, 28]",no
415,1,"missing blue(6) at position 2 [43, 28]",no
417,11,"extra green(1) at position 11 [13, 9]",no
417,15,"missing green(38) at position 1 [344, 11]",no
417,15,"missing orange(28) at position 5 [14, 10]",no
418,1,"missing orange(3) at position 1 [44, 29]",no
418,1,"missing blue(6) at position 2 [43, 29]",no
418,3,"extra pink(1) at position 3 [20, 9]",no
418,14,"extra pink(1) at position 11 [19, 9]",no
420,11,"missing green(1) at position 4 [5, 14]",no
421,1,"extra green(1) at position 18 [14, 10]",no
424,1,"extra pink(1) at position 2 [70, 34]",no
425,12,"extra green(1) at position 26 [20, 9]",no
427,7,"extra pink(1) at position 2 [13, 10]",no
428,1,"missing green(38) at position 1 [345, 11]",no
428,1,"missing orange(28) at position 5 [11, 8]",no
428,2,"missing orange(3) at position 1 [43, 28]",no
428,2,"missing blue(6) at position 2 [43, 28]",no
428,10,"extra green(1) at position 14 [13, 10]",no
429,7,"extra green(1) at position 16 [13, 10]",no
430,1,"extra green(1) at position 16 [13, 10]",no
430,2,"extra green(1) at position 13 [13, 10]",no
430,4,"extra green(1) at position 25 [31, 12]",no
430,14,"extra green(1) at position 4 [15, 9]",no
431,1,"extra pink(1) at position 8 [7, 15]",no
433,1,"extra pink(1) at position 6 [26, 43]",no
433,13,"extra green(1) at position 15 [16, 19]",no
434,4,"extra green(1) at position 27 [20, 9]",no
434,6,"extra green(1) at position 8 [13, 10]",no
434,7,"extra green(1) at position 21 [16, 19]",no
434,8,"missing green(38) at position 1 [345, 12]",no
434,8,"missing orange(28) at position 5 [14, 10]",no
434,9,"missing orange(3) at position 1 [44, 29]",no
434,9,"missing blue(6) at position 2 [43, 29]",no
434,10,"extra pink(1) at position 6 [7, 7]",no
435,2,"extra green(1) at position 26 [7, 15]",no
435,12,"extra green(1) at position 13 [16, 19]",no
436,1,"extra green(2) at position 15 [11, 14]",no
436,10,"extra pink(1) at position 23 [20, 9]",no
438,3,"missing green(1) at position 2 [43, 57]",no
439,1,"extra pink(1) at position 14 [7, 7]",no
439,11,"extra blue(1) at position 16 [19, 13]",no
440,4,"missing green(38) at position 1 [345, 12]",no
440,4,"missing orange(28) at position 5 [14, 10]",no
440,5,"missing orange(3) at position 1 [43, 29]",no
440,5,"missing blue(6) at position 2 [43, 28]",no
441,6,"missing blue(1) at position 26 [26, 14]",no
441,7,"extra pink(1) at position 10 [23, 19]",no
442,14,"extra green(1) at position 12 [6, 5]",no
445,15,"missing green(38) at position 1 [345, 11]",no
445,15,"missing orange(28) at position 5 [11, 8]",no
446,1,"missing orange(3) at position 1 [41, 29]",no
446,1,"missing blue(6) at position 2 [41, 28]",no
447,3,"missing green(1) at position 8 [52, 41]",no
447,4,"extra green(1) at position 35 [19, 9]",no
447,15,"extra green(1) at position 27 [13, 42]",no
448,2,"extra blue(1) at position 19 [8, 41]",no
449,2,"missing green(1) at position 20 [7, 18]",no
449,3,"extra green(1) at position 24 [21, 25]",no
449,6,"missing blue(1) at position 28 [9, 19]",no
449,7,"extra pink(1) at position 3 [43, 48]",no
450,3,"extra pink(1) at position 15 [20, 9]",no
450,4,"extra pink(1) at position 16 [7, 14]",no
452,15,"missing green(38) at position 1 [345, 11]",no
452,15,"missing orange(28) at position 5 [14, 10]",no
453,1,"missing orange(3) at position 1 [43, 29]",no
453,1,"missing blue(6) at position 2 [43, 29]",no
453,3,"missing green(1) at position 21 [24, 14]",no
453,13,"extra pink(1) at position 10 [20, 9]",no
453,14,"extra pink(1) at position 12 [68, 65]",no
454,3,"extra green(1) at position 11 [8, 40]",no
457,6,"missing pink(1) at position 22 [14, 10]",no
458,4,"missing green(38) at position 1 [345, 11]",no
458,4,"missing orange(28) at position 5 [11, 8]",no
458,5,"missing blue(6) at position 1 [43, 28]",no
458,5,"missing orange(3) at position 2 [43, 28]",no
459,3,"extra green(1) at position 26 [22, 19]",no
460,6,"extra green(1) at position 21 [7, 14]",no
460,9,"extra pink(2) at position 10 [19, 9]",no
460,11,"extra green(1) at position 22 [13, 17]",no
460,14,"extra green(1) at position 23 [13, 9]",no
462,14,"extra green(1) at position 8 [8, 14]",no
464,3,"missing green(1) at position 24 [28, 13]",no
464,4,"extra green(1) at position 13 [14, 10]",no
466,12,"extra pink(1) at position 12 [8, 14]",no
467,2,"missing blue(1) at position 20 [10, 19]",no
467,3,"missing green(38) at position 1 [345, 11]",no
467,3,"missing orange(28) at position 5 [14, 10]",no
467,4,"missing blue(6) at position 1 [43, 28]",no
467,4,"missing orange(3) at position 2 [44, 28]",no
469,2,"extra green(1) at position 6 [13, 10]",no
470,3,"extra green(1) at position 13 [9, 19]",no
470,3,"extra pink(1) at position 16 [12, 10]",no
470,13,"extra blue(1) at position 8 [32, 33]",no
470,14,"extra green(1) at position 14 [13, 10]",no
472,11,"extra pink(1) at position 14 [7, 7]",no
472,13,"extra green(1) at position 15 [20, 14]",no
473,2,"extra pink(1) at position 7 [13, 10]",no
473,6,"extra pink(1) at position 9 [20, 9]",no
474,7,"extra green(1) at position 6 [8, 7]",no
474,14,"extra green(1) at position 14 [20, 9]",no
475,2,"extra green(1) at position 16 [13, 10]",no
475,3,"missing green(1) at position 31 [5, 6]",no
475,6,"extra green(1) at position 9 [32, 30]",no
475,11,"extra green(1) at position 25 [7, 15]",no
475,14,"extra green(1) at position 15 [20, 14]",no
476,6,"extra green(1) at position 4 [24, 18]",no
476,10,"extra green(1) at position 19 [13, 9]",no
477,1,"missing green(38) at position 1 [346, 12]",no
477,1,"missing orange(28) at position 5 [12, 8]",no
477,2,"missing blue(6) at position 1 [43, 29]",no
477,2,"missing orange(3) at position 2 [44, 28]",no
478,7,"missing green(1) at position 24 [25, 12]",no
481,1,"extra green(1) at position 23 [8, 40]",no
481,10,"extra green(1) at position 15 [20, 9]",no
483,2,"missing green(38) at position 1 [43, 29]",no
483,2,"missing orange(31) at position 5 [94, 49]",no
483,2,"missing blue(6) at position 34 [90, 84]",no
485,6,"missing green(1) at position 14 [9, 18]",no
486,4,"extra green(1) at position 25 [8, 14]",no
489,5,"missing green(38) at position 1 [345, 11]",no
489,5,"missing orange(28) at position 5 [14, 10]",no
489,6,"missing blue(6) at position 1 [43, 28]",no
489,6,"missing orange(3) at position 2 [44, 28]",no
490,1,"extra green(1) at position 16 [19, 13]",no
490,2,"missing green(1) at position 5 [10, 8]",no
491,2,"extra pink(1) at position 27 [7, 15]",no
493,15,"extra pink(1) at position 20 [20, 9]",no
495,14,"extra green(1) at position 31 [7, 15]",no
495,15,"extra green(1) at position 3 [14, 9]",no
496,1,"missing green(37) at position 1 [345, 11]",no
496,1,"missing orange(28) at position 5 [14, 10]",no
496,2,"missing blue(6) at position 1 [43, 28]",no
496,2,"missing orange(3) at position 2 [43, 28]",no
496,11,"extra green(1) at position 25 [20, 9]",no
496,15,"extra green(1) at position 9 [7, 7]",no
497,1,"extra green(1) at position 20 [21, 25]",no
498,4,"extra blue(1) at position 13 [32, 30]",no
498,15,"missing green(38) at position 1 [345, 12]",no
498,15,"missing orange(28) at position 5 [14, 10]",no
499,1,"missing orange(3) at position 1 [43, 29]",no
499,1,"missing blue(6) at position 2 [43, 29]",no
499,11,"missing pink(1) at position 8 [30, 33]",no
501,9,"extra green(1) at position 23 [31, 20]",no
501,9,"extra pink(1) at position 9 [8, 7]",no
502,7,"missing green(38) at position 1 [345, 11]",no
502,7,"missing orange(28) at position 5 [11, 8]",no
502,8,"missing orange(3) at position 1 [44, 29]",no
502,8,"missing blue(6) at position 2 [44, 29]",no
504,3,"extra green(1) at position 13 [36, 23]",no
504,5,"extra pink(1) at position 17 [20, 9]",no
504,5,"extra green(1) at position 16 [8, 15]",no
504,13,"missing blue(1) at position 21 [8, 18]",no
505,2,"extra green(1) at position 21 [20, 9]",no
505,7,"extra green(1) at position 11 [19, 13]",no
505,8,"extra pink(1) at position 8 [14, 10]",no
506,15,"missing green(38) at position 1 [345, 11]",no
506,15,"missing orange(28) at position 5 [14, 10]",no
507,1,"missing orange(3) at position 1 [43, 28]",no
507,1,"missing blue(6) at position 2 [44, 28]",no
507,6,"extra pink(1) at position 3 [64, 30]",no
507,10,"extra pink(1) at position 2 [35, 26]",no
508,8,"extra green(1) at position 28 [6, 13]",no
508,13,"extra green(1) at position 24 [20, 9]",no
509,4,"extra green(1) at position 23 [14, 17]",no
509,6,"extra pink(1) at position 9 [15, 9]",no
510,6,"extra pink(1) at position 20 [19, 9]",no
510,8,"extra green(1) at position 18 [19, 9]",no
510,12,"extra pink(2) at position 9 [8, 7]",no
511,1,"missing green(38) at position 1 [345, 11]",no
511,1,"missing orange(28) at position 5 [14, 10]",no
511,2,"missing orange(3) at position 1 [43, 29]",no
511,2,"missing blue(6) at position 2 [43, 29]",no
511,12,"missing pink(1) at position 5 [7, 8]",no
514,15,"missing blue(1) at position 11 [14, 17]",no
515,7,"missing green(38) at position 1 [346, 11]",no
515,7,"missing orange(28) at position 5 [14, 10]",no
515,8,"missing orange(3) at position 1 [44, 29]",no
515,8,"missing blue(6) at position 2 [44, 29]",no
515,9,"extra pink(1) at position 14 [19, 9]",no
516,13,"missing pink(2) at position 37 [28, 14]",no
518,1,"missing green(35) at position 1 [345, 11]",no
518,1,"missing orange(28) at position 5 [14, 10]",no
518,2,"missing orange(3) at position 1 [44, 29]",no
518,2,"missing blue(6) at position 2 [44, 29]",no
518,7,"extra blue(1) at position 18 [14, 42]",no
520,10,"extra green(1) at position 10 [30, 29]",no
520,12,"missing green(37) at position 1 [345, 13]",no
520,12,"missing orange(28) at position 5 [14, 11]",no
520,13,"missing orange(3) at position 1 [44, 29]",no
520,13,"missing blue(6) at position 2 [44, 29]",no
521,1,"missing green(1) at position 13 [19, 21]",no
521,11,"extra pink(1) at position 3 [31, 16]",no
521,11,"extra green(1) at position 26 [13, 9]",no
521,13,"extra green(1) at position 16 [13, 9]",no
522,15,"extra green(1) at position 14 [5, 6]",no
523,8,"missing green(37) at position 1 [352, 12]",no
523,8,"missing orange(28) at position 5 [12, 8]",no
523,9,"missing orange(3) at position 1 [45, 29]",no
523,9,"missing blue(6) at position 2 [45, 29]",no
524,7,"missing green(1) at position 12 [8, 16]",no
524,8,"extra green(1) at position 12 [12, 9]",no
525,15,"missing green(38) at position 1 [345, 11]",no
525,15,"missing orange(28) at position 5 [14, 10]",no
526,1,"missing orange(3) at position 1 [43, 28]",no
526,1,"missing blue(6) at position 2 [44, 28]",no
526,10,"extra green(1) at position 9 [13, 9]",no
526,11,"extra green(1) at position 18 [14, 40]",no
527,6,"extra pink(1) at position 5 [42, 15]",no
527,7,"extra pink(1) at position 5 [13, 9]",no
527,9,"extra green(1) at position 18 [20, 9]",no
528,1,"missing blue(1) at position 20 [15, 14]",no
528,9,"missing green(38) at position 1 [345, 11]",no
528,9,"missing orange(28) at position 5 [14, 10]",no
528,10,"missing orange(3) at position 1 [43, 29]",no
528,10,"missing blue(6) at position 2 [44, 29]",no
528,14,"extra green(1) at position 15 [12, 16]",no
529,3,"missing green(2) at position 12 [15, 10]",no
529,4,"extra green(2) at position 27 [12, 38]",no
530,11,"extra green(1) at position 24 [8, 14]",no
531,5,"missing green(38) at position 1 [344, 10]",no
531,5,"missing orange(28) at position 5 [14, 10]",no
531,6,"missing orange(3) at position 1 [43, 28]",no
531,6,"missing blue(6) at position 2 [43, 29]",no
532,8,"missing blue(1) at position 12 [13, 55]",no
532,12,"extra green(1) at position 21 [8, 40]",no
532,13,"extra green(1) at position 13 [14, 42]",no
532,14,"extra pink(1) at position 10 [19, 9]",no
533,3,"missing blue(1) at position 8 [31, 16]",no
533,8,"extra green(1) at position 12 [30, 32]",no
534,7,"missing green(38) at position 1 [345, 11]",no
534,7,"missing orange(28) at position 5 [15, 10]",no
534,8,"missing orange(3) at position 1 [44, 29]",no
534,8,"missing blue(6) at position 2 [44, 29]",no
534,13,"extra pink(1) at position 8 [13, 8]",no
535,8,"missing green(1) at position 27 [13, 53]",no
537,1,"extra green(1) at position 20 [19, 9]",no
537,11,"missing green(38) at position 1 [345, 11]",no
537,11,"missing orange(28) at position 5 [11, 8]",no
537,12,"missing orange(3) at position 1 [43, 29]",no
537,12,"missing blue(6) at position 2 [43, 29]",no
538,7,"extra green(1) at position 22 [20, 23]",no
538,15,"extra green(1) at position 17 [12, 9]",no
540,1,"extra pink(1) at position 13 [19, 9]",no
540,4,"extra green(1) at position 15 [8, 14]",no
540,11,"extra green(1) at position 17 [19, 9]",no
540,14,"extra green(1) at position 14 [13, 17]",no
542,1,"missing green(38) at position 1 [345, 11]",no
542,1,"missing orange(28) at position 5 [14, 10]",no
542,2,"missing orange(3) at position 1 [44, 29]",no
542,2,"missing blue(6) at position 2 [44, 29]",no
543,12,"extra pink(1) at position 2 [12, 10]",no
544,2,"extra green(1) at position 27 [13, 9]",no
544,3,"extra green(1) at position 17 [28, 27]",no
544,10,"extra pink(1) at position 19 [19, 9]",no
544,13,"extra pink(1) at position 21 [7, 14]",no
545,3,"extra pink(1) at position 5 [8, 7]",no
545,4,"extra green(1) at position 21 [7, 15]",no
545,7,"missing green(38) at position 1 [345, 11]",no
545,7,"missing orange(28) at position 5 [14, 10]",no
545,8,"missing blue(6) at position 1 [43, 28]",no
545,8,"missing orange(3) at position 2 [43, 28]",no
545,14,"extra pink(1) at position 14 [20, 9]",no
546,11,"extra pink(1) at position 4 [41, 20]",no
546,14,"extra pink(1) at position 15 [13, 10]",no
547,9,"extra green(1) at position 22 [7, 14]",no
547,11,"extra green(1) at position 20 [20, 9]",no
547,13,"extra green(1) at position 15 [13, 9]",no
548,4,"extra pink(1) at position 2 [13, 10]",no
548,15,"missing green(38) at position 1 [345, 11]",no
548,15,"missing orange(28) at position 5 [14, 10]",no
549,1,"missing orange(3) at position 1 [43, 28]",no
549,1,"missing blue(6) at position 2 [43, 28]",no
549,10,"extra green(1) at position 17 [19, 9]",no
549,11,"extra pink(1) at position 11 [7, 7]",no
550,5,"extra blue(1) at position 24 [12, 9]",no
551,1,"extra pink(1) at position 12 [19, 9]",no
551,5,"extra pink(1) at position 13 [20, 9]",no
551,7,"missing green(38) at position 1 [345, 11]",no
551,7,"missing orange(28) at position 5 [14, 10]",no
551,8,"missing orange(3) at position 1 [44, 29]",no
551,8,"missing blue(6) at position 2 [43, 29]",no
551,10,"extra pink(1) at position 6 [20, 9]",no
552,1,"extra green(1) at position 17 [13, 9]",no
552,7,"extra pink(1) at position 2 [28, 28]",no
552,11,"extra green(1) at position 23 [22, 9]",no
552,12,"extra green(1) at position 23 [17, 8]",no
552,15,"extra green(1) at position 12 [11, 8]",no
553,1,"missing green(38) at position 1 [345, 11]",no
553,1,"missing orange(28) at position 5 [14, 10]",no
553,2,"missing blue(6) at position 1 [44, 29]",no
553,2,"missing orange(3) at position 2 [43, 29]",no
554,1,"extra pink(1) at position 11 [19, 9]",no
554,5,"extra green(1) at position 20 [13, 9]",no
554,7,"missing green(38) at position 1 [345, 11]",no
554,7,"missing orange(28) at position 5 [14, 10]",no
554,8,"missing blue(6) at position 1 [43, 28]",no
554,8,"missing orange(3) at position 2 [44, 28]",no
555,11,"extra pink(1) at position 23 [8, 15]",no
555,13,"extra pink(1) at position 25 [20, 9]",no
555,15,"missing green(38) at position 1 [344, 12]",no
555,15,"missing orange(28) at position 5 [14, 10]",no
556,1,"missing blue(6) at position 1 [44, 28]",no
556,1,"missing orange(3) at position 2 [45, 29]",no
557,12,"extra pink(1) at position 11 [19, 20]",no
557,15,"missing green(38) at position 1 [345, 12]",no
557,15,"missing orange(28) at position 5 [12, 8]",no
558,1,"missing orange(3) at position 1 [43, 28]",no
558,1,"missing blue(6) at position 2 [44, 28]",no
558,11,"extra pink(1) at position 2 [47, 49]",no
560,1,"missing green(38) at position 1 [345, 11]",no
560,1,"missing orange(28) at position 5 [14, 10]",no
560,2,"missing blue(6) at position 1 [43, 29]",no
560,2,"missing orange(3) at position 2 [43, 29]",no
560,6,"extra green(1) at position 29 [17, 12]",no
560,9,"extra pink(1) at position 2 [50, 21]",no
560,13,"extra green(1) at position 20 [8, 15]",no
560,13,"extra pink(1) at position 9 [14, 9]",no
560,14,"extra pink(1) at position 9 [20, 14]",no
561,8,"extra green(1) at position 8 [9, 8]",no
562,1,"missing green(38) at position 1 [345, 11]",no
562,1,"missing orange(28) at position 5 [14, 10]",no
562,2,"missing blue(6) at position 1 [44, 29]",no
562,2,"missing orange(3) at position 2 [44, 29]",no
562,12,"extra green(1) at position 16 [13, 16]",no
562,13,"missing green(1) at position 23 [13, 27]",no
564,6,"missing green(38) at position 1 [345, 12]",no
564,6,"missing orange(28) at position 5 [11, 8]",no
564,7,"missing blue(6) at position 1 [43, 29]",no
564,7,"missing orange(3) at position 2 [43, 29]",no
565,5,"missing green(1) at position 25 [20, 15]",no
565,7,"missing green(1) at position 17 [8, 8]",no
565,12,"extra green(1) at position 18 [6, 12]",no
566,9,"missing green(38) at position 1 [345, 12]",no
566,9,"missing orange(28) at position 5 [14, 10]",no
566,10,"missing blue(6) at position 1 [43, 29]",no
566,10,"missing orange(3) at position 2 [44, 29]",no
568,4,"extra green(1) at position 22 [12, 7]",no
568,9,"missing green(38) at position 1 [345, 11]",no
568,9,"missing orange(28) at position 5 [14, 10]",no
568,10,"missing orange(3) at position 1 [43, 28]",no
568,10,"missing blue(6) at position 2 [44, 29]",no
569,2,"extra green(1) at position 8 [55, 32]",no
570,1,"missing pink(1) at position 40 [22, 11]",no
570,5,"missing green(38) at position 1 [345, 11]",no
570,5,"missing orange(28) at position 5 [11, 8]",no
570,6,"missing orange(3) at position 1 [43, 29]",no
570,6,"missing blue(6) at position 2 [43, 29]",no
570,8,"extra green(1) at position 11 [9, 19]",no
570,14,"extra green(2) at position 24 [37, 23]",no
572,1,"missing green(38) at position 1 [345, 11]",no
572,1,"missing orange(28) at position 5 [14, 10]",no
572,2,"missing orange(3) at position 1 [44, 29]",no
572,2,"missing blue(6) at position 2 [44, 29]",no
573,7,"extra green(1) at position 22 [13, 10]",no
574,1,"missing green(38) at position 1 [345, 11]",no
574,1,"missing orange(28) at position 5 [14, 10]",no
574,2,"missing blue(6) at position 1 [43, 29]",no
574,2,"missing orange(3) at position 2 [44, 29]",no
574,4,"extra green(1) at position 12 [12, 9]",no
574,10,"extra green(1) at position 16 [13, 9]",no
574,15,"extra green(1) at position 20 [20, 9]",no
575,8,"missing green(38) at position 1 [345, 11]",no
575,8,"missing orange(28) at position 5 [14, 10]",no
575,9,"missing orange(3) at position 1 [43, 29]",no
575,9,"missing blue(6) at position 2 [43, 29]",no
576,1,"missing blue(1) at position 30 [13, 12]",no
577,6,"missing green(38) at position 1 [349, 12]",no
577,6,"missing orange(28) at position 5 [14, 10]",no
577,7,"missing orange(3) at position 1 [44, 29]",no
577,7,"missing blue(6) at position 2 [44, 28]",no
577,13,"missing blue(1) at position 19 [21, 13]",no
578,5,"missing blue(1) at position 3 [18, 16]",no
578,9,"missing green(38) at position 1 [345, 12]",no
578,9,"missing orange(28) at position 5 [14, 10]",no
578,10,"missing blue(6) at position 1 [43, 28]",no
578,10,"missing orange(3) at position 2 [44, 28]",no
579,3,"missing blue(1) at position 17 [18, 14]",no
579,8,"missing green(1) at position 39 [19, 14]",no
579,10,"missing blue(1) at position 19 [9, 17]",no
580,4,"extra green(1) at position 20 [20, 9]",no
580,7,"missing green(38) at position 1 [345, 12]",no
580,7,"missing orange(28) at position 5 [14, 10]",no
580,8,"missing orange(3) at position 1 [43, 28]",no
580,8,"missing blue(6) at position 2 [44, 28]",no
582,1,"missing green(38) at position 1 [345, 11]",no
582,1,"missing orange(28) at position 5 [15, 10]",no
582,2,"missing blue(6) at position 1 [44, 28]",no
582,2,"missing orange(3) at position 2 [44, 28]",no
583,8,"missing green(38) at position 1 [345, 11]",no
583,8,"missing orange(28) at position 5 [14, 10]",no
583,9,"missing orange(3) at position 1 [44, 29]",no
583,9,"missing blue(6) at position 2 [44, 29]",no
584,15,"missing green(38) at position 1 [345, 11]",no
584,15,"missing orange(28) at position 5 [11, 8]",no
585,1,"missing orange(3) at position 1 [43, 29]",no
585,1,"missing blue(6) at position 2 [44, 29]",no
586,1,"missing green(38) at position 1 [345, 11]",no
586,1,"missing orange(28) at position 5 [14, 10]",no
586,2,"missing orange(3) at position 1 [44, 29]",no
586,2,"missing blue(6) at position 2 [44, 29]",no
586,7,"missing green(1) at position 4 [23, 15]",no
586,15,"missing green(38) at position 1 [345, 11]",no
586,15,"missing orange(28) at position 5 [14, 10]",no
587,1,"missing orange(3) at position 1 [43, 29]",no
587,1,"missing blue(6) at position 2 [43, 29]",no
587,11,"missing green(38) at position 1 [344, 12]",no
587,11,"missing orange(28) at position 5 [11, 8]",no
587,12,"missing orange(3) at position 1 [44, 28]",no
588,2,"missing green(1) at position 16 [6, 19]",no
588,5,"missing green(1) at position 17 [19, 14]",no
589,2,"missing green(37) at position 1 [345, 12]",no
589,2,"missing orange(28) at position 5 [12, 8]",no
589,3,"missing orange(3) at position 1 [43, 28]",no
589,3,"missing blue(6) at position 2 [43, 29]",no
589,10,"extra pink(1) at position 19 [8, 7]",no
590,1,"missing green(38) at position 1 [345, 11]",no
590,1,"missing orange(28) at position 5 [14, 10]",no
590,2,"missing orange(3) at position 1 [44, 28]",no
590,2,"missing blue(6) at position 2 [44, 28]",no
590,7,"extra green(1) at position 9 [20, 14]",no
590,10,"missing blue(1) at position 17 [19, 23]",no
590,15,"missing green(38) at position 1 [345, 11]",no
590,15,"missing orange(28) at position 5 [14, 10]",no
591,1,"missing orange(3) at position 1 [43, 29]",no
591,1,"missing blue(6) at position 2 [43, 29]",no
591,2,"extra blue(1) at position 30 [11, 33]",no
591,8,"missing green(38) at position 1 [345, 11]",no
591,8,"missing orange(28) at position 5 [11, 8]",no
591,9,"missing orange(3) at position 1 [43, 29]",no
591,9,"missing blue(6) at position 2 [43, 29]",no
592,3,"missing green(38) at position 1 [345, 11]",no
592,3,"missing orange(28) at position 5 [14, 10]",no
592,4,"missing orange(3) at position 1 [44, 29]",no
592,4,"missing blue(6) at position 2 [44, 29]",no
592,9,"missing blue(1) at position 13 [18, 14]",no
593,1,"missing green(38) at position 1 [344, 11]",no
593,1,"missing orange(28) at position 5 [14, 10]",no
593,2,"missing blue(6) at position 1 [43, 29]",no
593,2,"missing orange(3) at position 2 [43, 29]",no
593,15,"extra green(1) at position 19 [8, 14]",no
594,4,"missing green(38) at position 1 [345, 11]",no
594,4,"missing orange(28) at position 5 [14, 10]",no
594,5,"missing orange(3) at position 1 [44, 29]",no
594,5,"missing blue(6) at position 2 [44, 28]",no
594,11,"extra green(1) at position 13 [31, 48]",no
594,15,"missing green(38) at position 1 [345, 11]",no
594,15,"missing orange(28) at position 5 [14, 10]",no
595,1,"missing orange(3) at position 1 [44, 29]",no
595,1,"missing blue(6) at position 2 [44, 29]",no
595,9,"missing green(38) at position 1 [345, 11]",no
595,9,"missing orange(28) at position 5 [14, 10]",no
595,10,"missing orange(3) at position 1 [44, 28]",no
595,10,"missing blue(6) at position 2 [43, 28]",no
596,4,"missing green(38) at position 1 [345, 12]",no
596,4,"missing orange(28) at position 5 [14, 10]",no
596,5,"missing blue(6) at position 1 [44, 28]",no
596,5,"missing orange(3) at position 2 [43, 29]",no
596,11,"missing green(38) at position 1 [345, 12]",no
596,11,"missing orange(28) at position 5 [11, 8]",no
596,12,"missing orange(3) at position 1 [44, 29]",no
596,12,"missing blue(6) at position 2 [44, 29]",no
597,1,"missing green(38) at position 1 [345, 11]",no
597,1,"missing orange(28) at position 5 [14, 10]",no
597,2,"missing orange(3) at position 1 [43, 29]",no
597,2,"missing blue(6) at position 2 [43, 28]",no
597,7,"missing green(38) at position 1 [345, 11]",no
597,7,"missing orange(28) at position 5 [14, 10]",no
597,8,"missing orange(3) at position 1 [43, 29]",no
597,8,"missing blue(6) at position 2 [43, 29]",no
598,1,"missing green(38) at position 1 [345, 11]",no
598,1,"missing orange(28) at position 5 [14, 10]",no
598,2,"missing orange(3) at position 1 [44, 29]",no
598,2,"missing blue(6) at position 2 [44, 28]",no
598,7,"missing green(38) at position 1 [44, 29]",no
598,7,"missing orange(31) at position 5 [94, 49]",no
598,7,"missing blue(6) at position 35 [12, 7]",no
598,10,"extra green(1) at position 13 [8, 14]",no
599,3,"missing green(38) at position 1 [345, 11]",no
599,3,"missing orange(28) at position 5 [14, 10]",no
599,4,"missing orange(3) at position 1 [44, 28]",no
599,4,"missing blue(6) at position 2 [43, 29]",no
599,10,"missing green(38) at position 1 [345, 11]",no
599,10,"missing orange(28) at position 5 [11, 8]",no
599,11,"missing orange(3) at position 1 [44, 28]",no
599,11,"missing blue(6) at position 2 [44, 28]",no
600,2,"missing green(38) at position 1 [345, 12]",no
600,2,"missing orange(28) at position 5 [11, 8]",no
600,3,"missing orange(3) at position 1 [44, 29]",no
600,3,"missing blue(6) at position 2 [44, 29]",no
600,10,"missing green(38) at position 1 [345, 12]",no
600,10,"missing orange(28) at position 5 [11, 8]",no
600,11,"missing blue(6) at position 1 [44, 29]",no
600,11,"missing orange(3) at position 2 [44, 29]",no
601,1,"missing green(38) at position 1 [345, 11]",no
601,1,"missing orange(28) at position 5 [11, 8]",no
601,2,"missing orange(3) at position 1 [43, 29]",no
601,2,"missing blue(6) at position 2 [43, 29]",no
601,5,"missing green(38) at position 1 [345, 11]",no
601,5,"missing orange(28) at position 5 [14, 10]",no
601,6,"missing blue(6) at position 1 [43, 29]",no
601,6,"missing orange(3) at position 2 [43, 29]",no
601,11,"missing green(38) at position 1 [345, 11]",no
601,11,"missing orange(28) at position 5 [14, 10]",no
601,12,"missing orange(3) at position 1 [43, 29]",no
601,12,"missing blue(6) at position 2 [43, 29]",no
602,1,"missing green(38) at position 1 [345, 11]",no
602,1,"missing orange(28) at position 5 [14, 10]",no
602,2,"missing orange(3) at position 1 [44, 29]",no
602,2,"missing blue(6) at position 2 [44, 29]",no
602,6,"missing green(38) at position 1 [345, 12]",no
602,6,"missing orange(28) at position 5 [14, 10]",no
602,7,"missing blue(6) at position 1 [44, 29]",no
602,7,"missing orange(3) at position 2 [44, 29]",no
602,12,"missing green(38) at position 1 [345, 11]",no
602,12,"missing orange(28) at position 5 [14, 11]",no
602,13,"missing blue(6) at position 1 [44, 29]",no
602,13,"missing orange(3) at position 2 [44, 29]",no
603,1,"missing green(38) at position 1 [345, 11]",no
603,1,"missing orange(28) at position 5 [11, 8]",no
603,2,"missing orange(3) at position 1 [44, 29]",no
603,2,"missing blue(6) at position 2 [43, 29]",no
603,3,"extra pink(1) at position 9 [7, 15]",no
603,6,"missing green(38) at position 1 [345, 12]",no
603,6,"missing orange(28) at position 5 [14, 10]",no
603,7,"missing orange(3) at position 1 [43, 29]",no
603,7,"missing blue(6) at position 2 [43, 29]",no
603,11,"missing green(38) at position 1 [345, 12]",no
603,11,"missing orange(28) at position 5 [14, 10]",no
603,12,"missing blue(6) at position 1 [43, 28]",no
603,12,"missing orange(3) at position 2 [43, 29]",no
